date,FlowInExNtv,FlowOutExNtv,netflow_btc,SplyExNtv
2020-01-01,11253.33519748,8431.83156576,2821.503631720001,2965687.71271696
2020-01-02,40183.30546337,23507.28381431,16676.02164906,2982363.73436602
2020-01-03,29618.16510002,28117.66238858,1500.50271144,2983864.23707746
2020-01-04,17784.51070827,11461.55456219,6322.956146080001,2990187.19322354
2020-01-05,10007.18079718,9980.34842919,26.83236799000042,2990214.02559153
2020-01-06,28979.7927332,27430.93701735,1548.8557158500007,2991762.88130738
2020-01-07,32696.6700381,26719.21028296,5977.45975514,2997740.34106252
2020-01-08,33740.46813097,29487.87913213,4252.588998840001,3001992.93006136
2020-01-09,29092.38391658,25942.83781866,3149.5460979199997,3005142.47615928
2020-01-10,34374.81352047,37710.70639726,-3335.8928767899997,3001806.58328249
2020-01-11,13358.94241367,15230.63856097,-1871.6961472999992,2999934.88713519
2020-01-12,8844.32850436,10591.14474915,-1746.8162447899995,2998188.0708904
2020-01-13,29422.25560887,27093.84274985,2328.4128590200016,3000516.48374942
2020-01-14,59035.20198288,42170.74120516,16864.46077772,3017380.94452714
2020-01-15,50396.84179778,44469.11932627,5927.722471509995,3023308.66699865
2020-01-16,28694.71834376,32291.04565276,-3596.3273090000002,3019712.33968965
2020-01-17,29540.35310183,31405.90927559,-1865.55617376,3017846.78351589
2020-01-18,14604.27996342,12663.0012258,1941.2787376199994,3019788.06225351
2020-01-19,15432.86303171,15879.60067599,-446.7376442799996,3019341.32460923
2020-01-20,24111.23339195,25946.05760256,-1834.824210609997,3017506.50039862
2020-01-21,28118.16387788,28578.09000562,-459.9261277400001,3017046.57427088
2020-01-22,29562.83062933,35280.7414092,-5717.910779870002,3011328.66349101
2020-01-23,26458.93306616,26733.2741686,-274.3411024400011,3011054.32238857
2020-01-24,26982.84355419,28391.54156877,-1408.6980145800007,3009645.62437399
2020-01-25,8443.74618017,9223.90732425,-780.1611440800007,3008865.46322991
2020-01-26,13874.26199679,9009.07434247,4865.18765432,3013730.65088423
2020-01-27,26180.50750689,24029.76038613,2150.7471207599992,3015881.39800499
2020-01-28,40831.73828582,22140.25676799,18691.48151783,3034572.87952282
2020-01-29,31850.54326582,22465.34827516,9385.194990660002,3043958.07451348
2020-01-30,29199.368106,30954.95282092,-1755.584714919998,3042202.48979856
2020-01-31,25421.35874389,33216.13213479,-7794.773390900002,3034407.71640766
2020-02-01,12504.76836905,10947.04992377,1557.7184452799993,3035965.43485294
2020-02-02,13765.48606891,13636.52278884,128.9632800700001,3036094.39813301
2020-02-03,29763.78404115,25421.24338677,4342.540654380002,3040436.93878739
2020-02-04,25891.74399956,21810.65625669,4081.0877428700005,3044518.02653026
2020-02-05,34594.22827384,26792.01341518,7802.2148586600015,3052320.24138892
2020-02-06,35193.73866693,30843.65630493,4350.082362000005,3056670.32375092
2020-02-07,28697.74711646,28457.59510409,240.15201236999928,3056910.47576329
2020-02-08,17497.21756947,24515.58085877,-7018.363289299999,3049892.11247399
2020-02-09,21880.58380064,16827.46492015,5053.118880490001,3054945.23135448
2020-02-10,42377.94316775,37598.90250263,4779.040665120003,3059724.2720196
2020-02-11,37468.76659059,27077.76619269,10391.0003979,3070115.2724175
2020-02-12,43223.57391009,35218.01105105,8005.562859040001,3078120.83527654
2020-02-13,37405.59003105,32863.28210285,4542.3079282000035,3082663.14320474
2020-02-14,32976.85876569,32124.70695824,852.1518074499982,3083515.29501219
2020-02-15,22291.57466388,23049.0616323,-757.4869684199984,3082757.80804377
2020-02-16,17650.88018787,16489.25407946,1161.6261084100006,3083919.43415218
2020-02-17,32732.57804163,26818.06155055,5914.516491080001,3089833.95064326
2020-02-18,34737.55955785,37266.06826241,-2528.508704560001,3087305.4419387
2020-02-19,32302.90645528,35531.59858064,-3228.6921253599976,3084076.74981334
2020-02-20,35335.65210187,41648.21997356,-6312.56787169,3077764.18194165
2020-02-21,25784.31446031,36212.73934156,-10428.42488125,3067335.7570604
2020-02-22,13789.56560208,13457.15992549,332.40567659000044,3067668.16273699
2020-02-23,19831.62910695,19080.10678645,751.5223205000002,3068419.68505749
2020-02-24,32013.94380841,32571.94990445,-558.0060960400006,3067861.67896145
2020-02-25,28078.56980791,31763.82091258,-3685.2511046699983,3064176.42785678
2020-02-26,44185.21961643,40748.41105121,3436.808565219995,3067613.236422
2020-02-27,35783.509502,40588.31224462,-4804.802742619999,3062808.43367938
2020-02-28,34964.20932212,39967.71552786,-5003.506205739999,3057804.92747364
2020-02-29,13279.06439362,15545.93760635,-2266.873212730001,3055538.05426091
2020-03-01,13145.37097413,13033.61864058,111.75233355000091,3055649.80659446
2020-03-02,34628.74406796,33124.17156441,1504.57250355,3057154.37909801
2020-03-03,29669.16808306,31066.79735773,-1397.6292746699983,3055756.74982334
2020-03-04,25055.02873783,34352.1400211,-9297.111283269998,3046459.63854007
2020-03-05,31530.1849876,34757.37350519,-3227.188517589999,3043232.45002248
2020-03-06,26448.70398838,41915.75923909,-15467.055250710004,3027765.39477177
2020-03-07,13194.15008951,11482.94959526,1711.2004942500007,3029476.59526602
2020-03-08,24978.33354438,24483.04462279,495.2889215899995,3029971.88418761
2020-03-09,75673.13053664,63847.99249309,11825.138043550003,3041797.02223116
2020-03-10,46170.53087175,41405.6282248,4764.902646950002,3046561.92487811
2020-03-11,36341.84801375,31879.54726183,4462.30075192,3051024.22563003
2020-03-12,164266.85600873,120730.10999664,43536.74601209001,3094560.97164212
2020-03-13,191723.26409498,165154.5928113,26568.671283679985,3121129.6429258
2020-03-14,69175.62240224,56897.54334433,12278.07905791,3133407.72198371
2020-03-15,37900.21781402,33783.29036109,4116.927452929995,3137524.64943664
2020-03-16,95531.60202559,107127.52593195,-11595.92390636001,3125928.72553028
2020-03-17,73798.06244959,74434.65650412,-636.5940545299964,3125292.13147575
2020-03-18,45613.45406956,65880.89057703,-20267.436507470004,3105024.69496828
2020-03-19,58137.63323933,70666.5783724,-12528.945133070003,3092495.74983521
2020-03-20,73302.91036756,64183.94835878,9118.962008780007,3101614.71184399
2020-03-21,23398.46619613,31928.72763576,-8530.261439629998,3093084.45040436
2020-03-22,23343.27494993,20841.66319526,2501.6117546700007,3095586.06215903
2020-03-23,44978.31324613,49524.79956835,-4546.48632222,3091039.57583681
2020-03-24,40226.89078398,52900.72073872,-12673.829954740002,3078365.74588207
2020-03-25,35073.87983651,45694.40755716,-10620.527720649996,3067745.21816142
2020-03-26,36213.64131345,31870.26002759,4343.381285860003,3072088.59944728
2020-03-27,42202.1017032,46540.70614669,-4338.604443489996,3067749.99500379
2020-03-28,27227.96625425,32991.64814426,-5763.681890009997,3061986.31311378
2020-03-29,32252.41288291,26326.98981927,5925.4230636400025,3067911.73617742
2020-03-30,43887.85639501,42833.79247639,1054.0639186199987,3068965.80009604
2020-03-31,29135.14893584,36474.20195564,-7339.053019799998,3061626.74707624
2020-04-01,36104.59623504,40325.92754966,-4221.331314620002,3057405.41576162
2020-04-02,43483.00954632,40167.75213367,3315.2574126499967,3060720.67317427
2020-04-03,40529.31128454,44330.4016813,-3801.090396759995,3056919.58277751
2020-04-04,17009.9704997,19966.75184468,-2956.781344979998,3053962.80143253
2020-04-05,14266.5000843,17820.16239614,-3553.6623118400003,3050409.13912069
2020-04-06,54872.79139261,53656.15806113,1216.6333314799995,3051625.77245217
2020-04-07,42503.78081825,41849.52199072,654.2588275300004,3052280.0312797
2020-04-08,34509.53352365,37077.39037602,-2567.856852369994,3049712.17442733
2020-04-09,42462.05450512,59384.88979506,-16922.835289939998,3032789.33913739
2020-04-10,38958.69346919,44659.27705096,-5700.583581769999,3027088.75555562
2020-04-11,17680.16719185,23334.84750911,-5654.680317260001,3021434.07523836
2020-04-12,18018.36274008,17004.35336043,1014.0093796500005,3022448.08461801
2020-04-13,31428.13850403,41046.01313766,-9617.874633629996,3012830.20998438
2020-04-14,29076.58321846,30553.95878092,-1477.375562459998,3011352.83442192
2020-04-15,53495.55407754,49712.97411246,3782.5799650800036,3015135.414387
2020-04-16,61806.63926856,50924.19563792,10882.443630640002,3026017.85801764
2020-04-17,34887.27221229,51564.01943416,-16676.74722187,3009341.11079577
2020-04-18,19873.70614498,18347.89326972,1525.8128752599987,3010866.92367103
2020-04-19,17040.75253305,15232.09114647,1808.661386579999,3012675.58505761
2020-04-20,36455.27442704,41977.12734372,-5521.85291668,3007153.73214093
2020-04-21,39284.56951222,40794.94974079,-1510.3802285700003,3005643.35191236
2020-04-22,32592.84314627,38851.03832764,-6258.195181370003,2999385.15673099
2020-04-23,44940.76234778,32269.49262252,12671.269725260001,3012056.42645625
2020-04-24,47214.83443748,56374.89488359,-9160.060446110001,3002896.36601014
2020-04-25,19149.54523064,17728.48508293,1421.060147709999,3004317.42615785
2020-04-26,21333.56998569,21149.39761465,184.17237104000014,3004501.59852889
2020-04-27,40810.08077932,38999.65717558,1810.423603739997,3006312.02213263
2020-04-28,38828.24510912,42517.83323512,-3689.5881260000024,3002622.43400663
2020-04-29,65760.58052366,64358.13906287,1402.4414607899962,3004024.87546742
2020-04-30,64139.69280125,63715.26565983,424.4271414199975,3004449.30260884
2020-05-01,48607.02576907,44224.03273525,4382.993033819999,3008832.29564266
2020-05-02,18563.29473337,16133.7202651,2429.5744682699988,3011261.87011093
2020-05-03,25334.10753772,20478.90563776,4855.20189996,3016117.07201089
2020-05-04,35559.22713796,42521.29862315,-6962.071485190005,3009155.0005257
2020-05-05,34535.3687568,29457.59822761,5077.770529190002,3014232.77105489
2020-05-06,37398.16469718,36885.36061895,512.8040782300013,3014745.57513312
2020-05-07,64642.24836214,52119.13544408,12523.112918060004,3027268.68805118
2020-05-08,54708.31012968,51194.35232423,3513.9578054500016,3030782.64585663
2020-05-09,34694.06092321,33491.1168191,1202.94410411,3031985.58996074
2020-05-10,34879.42461977,37697.2810012,-2817.8563814299996,3029167.73357931
2020-05-11,52663.39527286,61730.64934869,-9067.254075830002,3020100.47950348
2020-05-12,36553.24939746,50911.93457839,-14358.685180929999,3005741.79432255
2020-05-13,46649.59156079,51004.36720581,-4354.775645019996,3001387.01867753
2020-05-14,45000.99863813,38771.12180323,6229.876834899995,3007616.89551243
2020-05-15,47192.90655193,65513.20677731,-18320.30022538,2989296.59528705
2020-05-16,19591.94090896,14146.18570562,5445.755203340001,2994742.35049039
2020-05-17,18535.34101883,16016.42216608,2518.918852750001,2997261.26934314
2020-05-18,46570.39110508,45003.56191174,1566.8291933400033,2998828.09853648
2020-05-19,36934.71279971,41241.73151631,-4307.018716599996,2994521.07981988
2020-05-20,30809.5851845,36092.14802085,-5282.56283635,2989238.51698353
2020-05-21,49112.858126,43525.17380626,5587.684319740001,2994826.20130327
2020-05-22,32917.10740346,35234.04179553,-2316.9343920699976,2992509.2669112
2020-05-23,14998.99318551,13171.69499552,1827.2981899900005,2994336.56510119
2020-05-24,15488.91026233,16652.88986223,-1163.9795998999998,2993172.58550129
2020-05-25,30086.47774496,43054.42204847,-12967.944303509998,2980204.64119778
2020-05-26,30278.33797781,31638.34794439,-1360.0099665800008,2978844.6312312
2020-05-27,33974.28263271,33339.68706932,634.5955633899939,2979479.22679459
2020-05-28,36565.75187658,31261.89812082,5303.853755759999,2984783.08055035
2020-05-29,38132.99099865,34361.38563843,3771.6053602199972,2988554.68591057
2020-05-30,21743.61567048,17086.23932208,4657.376348400001,2993212.06225897
2020-05-31,20896.7835626,15932.08176823,4964.701794370001,2998176.76405334
2020-06-01,37705.4550428,49643.93500536,-11938.479962559999,2986238.28409078
2020-06-02,74673.05040361,64992.85326395,9680.197139660006,2995918.48123044
2020-06-03,40943.87008667,43031.17145528,-2087.301368609995,2993831.17986183
2020-06-04,35690.27580592,31166.30283563,4523.97297029,2998355.15283212
2020-06-05,42643.41389528,56158.8118542,-13515.397958920003,2984839.7548732
2020-06-06,13738.68533347,15825.68822696,-2087.0028934899983,2982752.75197971
2020-06-07,13999.78833865,13468.99289412,530.7954445300002,2983283.54742424
2020-06-08,61414.01603171,64241.08307384,-2827.067042130002,2980456.48038211
2020-06-09,27500.63829216,31686.29686848,-4185.658576319998,2976270.82180579
2020-06-10,31716.67695075,28309.40064889,3407.276301859998,2979678.09810765
2020-06-11,43872.77685617,49025.9453588,-5153.168502630004,2974524.92960502
2020-06-12,33242.77879732,32922.89465171,319.88414561000536,2974844.81375063
2020-06-13,15693.79598842,17146.47138319,-1452.67539477,2973392.13835586
2020-06-14,12499.38000297,13421.79504541,-922.4150424399995,2972469.72331342
2020-06-15,34234.49662497,34320.28050223,-85.78387726000074,2972383.93943616
2020-06-16,34653.11789711,35946.51018681,-1293.3922897000011,2971090.54714646
2020-06-17,29749.7252125,30148.50306863,-398.77785613000015,2970691.76929033
2020-06-18,25555.76065238,40705.93008204,-15150.169429660004,2955541.59986067
2020-06-19,40686.99411979,38189.16048264,2497.8336371499972,2958039.43349782
2020-06-20,15159.74633371,14607.43436168,552.3119720300001,2958591.74546985
2020-06-21,14100.21245954,12984.63183967,1115.5806198699993,2959707.32608972
2020-06-22,35140.96131758,33373.524885,1767.436432579998,2961474.7625223
2020-06-23,55227.90453873,64443.51482014,-9215.610281410001,2952259.15224089
2020-06-24,36088.34966368,36129.42516966,-41.075505979999434,2952218.07673491
2020-06-25,43061.39474317,40316.46837726,2744.9263659100034,2954963.00310082
2020-06-26,31948.51241849,33958.31237999,-2009.7999614999972,2952953.20313932
2020-06-27,16428.4534076,15591.81056765,836.6428399500019,2953789.84597927
2020-06-28,15484.13137511,13626.8088808,1857.3224943100013,2955647.16847358
2020-06-29,34096.65939411,33805.47176416,291.18762995,2955938.35610353
2020-06-30,27227.02537099,30414.55766688,-3187.5322958899997,2952750.82380764
2020-07-01,37679.36652977,30674.63050758,7004.736022189998,2959755.55982983
2020-07-02,34044.18104948,32764.35873364,1279.8223158399996,2961035.38214567
2020-07-03,24658.61135423,34601.31129713,-9942.699942899999,2951092.68220277
2020-07-04,17725.53362613,15954.34725283,1771.186373299999,2952863.86857607
2020-07-05,12320.27341018,10731.34277975,1588.930630429999,2954452.7992065
2020-07-06,35539.65365738,29567.71168388,5971.941973499997,2960424.74118
2020-07-07,33507.11829915,36928.10875201,-3420.9904528599945,2957003.75072714
2020-07-08,60723.87273465,52658.24274952,8065.629985129999,2965069.38071227
2020-07-09,37651.43656093,32804.05650242,4847.380058510003,2969916.76077078
2020-07-10,35386.2840169,35489.99466202,-103.71064512000157,2969813.05012566
2020-07-11,16813.60640733,13970.21497455,2843.391432780001,2972656.44155844
2020-07-12,11796.08801059,12293.59077345,-497.5027628600001,2972158.93879558
2020-07-13,34108.36718058,41438.41662418,-7330.049443600001,2964828.88935198
2020-07-14,31610.91629046,29687.77927456,1923.1370158999998,2966752.02636788
2020-07-15,37012.76279984,38491.33274461,-1478.5699447700026,2965273.45642311
2020-07-16,34543.80981544,34314.87113372,228.9386817199993,2965502.39510483
2020-07-17,35053.80035619,37116.00676069,-2062.2064045000006,2963440.18870033
2020-07-18,16360.36259707,14282.66132591,2077.70127116,2965517.88997149
2020-07-19,17156.0418575,19936.20661459,-2780.1647570899986,2962737.7252144
2020-07-20,33079.34715621,27835.48192797,5243.8652282400035,2967981.59044264
2020-07-21,32192.99395823,31598.42262276,594.5713354699983,2968576.16177811
2020-07-22,45241.9852571,35275.4414435,9966.543813600001,2978542.70559171
2020-07-23,46436.24896625,48067.82448389,-1631.575517639998,2976911.13007407
2020-07-24,44548.69800594,44699.5799291,-150.88192315999913,2976760.24815091
2020-07-25,26791.05024626,24707.48449938,2083.565746880002,2978843.81389779
2020-07-26,31237.65850291,24063.81132054,7173.847182369998,2986017.66108016
2020-07-27,74157.2750553,54559.44816833,19597.826886969997,3005615.48796713
2020-07-28,62102.23719165,51644.85440057,10457.382791079996,3016072.87075821
2020-07-29,46313.39200427,44671.17320871,1642.2187955599948,3017715.08955377
2020-07-30,48444.27120195,50910.15103344,-2465.8798314899977,3015249.20972228
2020-07-31,47308.72796588,53593.21691434,-6284.488948459999,3008964.72077382
2020-08-01,36433.62450938,30439.13797078,5994.486538600002,3014959.20731242
2020-08-02,31118.38470956,26394.55290355,4723.831806009999,3019683.03911843
2020-08-03,42092.88474564,45275.8795361,-3182.9947904599976,3016500.04432797
2020-08-04,31733.15270867,41048.7153656,-9315.56265693,3007184.48167104
2020-08-05,34967.30674338,35826.24090742,-858.9341640399944,3006325.547507
2020-08-06,44665.18503877,41081.85082709,3583.334211680005,3009908.88171868
2020-08-07,38535.60911956,49289.72281973,-10754.113700169997,2999154.76801851
2020-08-08,23543.77592353,18234.30592301,5309.470000519999,3004464.23801903
2020-08-09,19498.64756016,23724.3241629,-4225.676602740001,3000238.56141629
2020-08-10,44614.2438469,49860.7979613,-5246.554114400002,2994992.00730189
2020-08-11,39129.66083468,40628.08768626,-1498.4268515799995,2993493.58045031
2020-08-12,34418.62260776,37999.28409893,-3580.6614911700017,2989912.91895914
2020-08-13,32931.48805822,45317.3381348,-12385.850076579998,2977527.06888256
2020-08-14,50305.55345689,54699.74332808,-4394.189871190007,2973132.87901137
2020-08-15,17688.0323494,27049.44310827,-9361.410758869999,2963771.4682525
2020-08-16,19084.16628895,24289.01523435,-5204.848945400001,2958566.6193071
2020-08-17,59308.11564378,61519.36312353,-2211.2474797499963,2956355.37182735
2020-08-18,45562.4261095,45718.74409875,-156.31798925000476,2956199.0538381
2020-08-19,49530.05506574,60167.44137691,-10637.386311169997,2945561.66752693
2020-08-20,38945.82487139,35938.23712156,3007.5877498300033,2948569.25527676
2020-08-21,31164.50210282,37753.26602262,-6588.763919800003,2941980.49135696
2020-08-22,18015.82642432,17969.44859382,46.3778304999978,2942026.86918746
2020-08-23,12358.54554421,13527.16286831,-1168.6173241000015,2940858.25186336
2020-08-24,29154.69293998,31624.27148056,-2469.5785405800016,2938388.67332278
2020-08-25,31760.82502055,41444.01859118,-9683.19357063,2928705.47975215
2020-08-26,37178.45513485,38838.78802176,-1660.3328869100005,2927045.14686524
2020-08-27,36313.09507968,32506.31479654,3806.780283140004,2930851.92714838
2020-08-28,40047.72559529,55649.28781987,-15601.562224579997,2915250.3649238
2020-08-29,19184.4538429,21603.27800539,-2418.82416249,2912831.54076131
2020-08-30,21571.88311481,16579.13984497,4992.743269840001,2917824.28403115
2020-08-31,40145.02710785,74724.62732971,-34579.60022186,2883244.68380929
2020-09-01,46298.71269825,40920.66758325,5378.045115000001,2888622.72892429
2020-09-02,53089.61083376,61116.43471228,-8026.823878520001,2880595.90504577
2020-09-03,60312.44652712,56892.14384762,3420.302679500004,2884016.20772527
2020-09-04,61956.12363519,61814.60156548,141.52206971000123,2884157.72979498
2020-09-05,38036.81623106,31419.64366813,6617.172562930002,2890774.90235791
2020-09-06,22010.30177789,21952.93491926,57.366858630000934,2890832.26921654
2020-09-07,37084.94936066,36827.75653632,257.1928243400034,2891089.46204088
2020-09-08,37372.37717647,43120.45414483,-5748.076968360001,2885341.38507252
2020-09-09,37422.52541819,40554.51265018,-3131.987231989995,2882209.39784053
2020-09-10,36044.900217,46706.41525472,-10661.515037719997,2871547.88280281
2020-09-11,36913.29558934,36322.33608748,590.9595018600012,2872138.84230467
2020-09-12,19648.93908663,21027.43862431,-1378.4995376800034,2870760.34276699
2020-09-13,16393.3466926,17032.9249095,-639.5782169000013,2870120.76455009
2020-09-14,38752.82737615,39269.71832433,-516.8909481800001,2869603.87360191
2020-09-15,36824.09407851,40998.94882427,-4174.85474576,2865429.01885615
2020-09-16,43607.86160191,45514.75465938,-1906.893057469999,2863522.12579868
2020-09-17,38453.50024069,44912.08622205,-6458.585981359996,2857063.53981732
2020-09-18,41096.40627865,47809.48599908,-6713.079720430003,2850350.46009689
2020-09-19,19795.73422666,38968.4852681,-19172.75104144,2831177.70905545
2020-09-20,20320.87136765,18189.20057329,2131.6707943600013,2833309.37984981
2020-09-21,40006.19476053,39747.34769039,258.84707014000014,2833568.22691995
2020-09-22,42791.54173321,42374.89576152,416.645971689999,2833984.87289164
2020-09-23,65213.78045442,73857.94410321,-8644.163648790003,2825340.70924285
2020-09-24,37712.97891276,35146.96573526,2566.0131775000045,2827906.72242035
2020-09-25,40413.79734911,49951.53434322,-9537.736994110004,2818368.98542624
2020-09-26,14827.68105929,18305.7735818,-3478.09252251,2814890.89290373
2020-09-27,19464.8384318,23089.43404223,-3624.595610430002,2811266.2972933
2020-09-28,49026.35225973,42877.87830063,6148.473959100003,2817414.7712524
2020-09-29,47918.30566421,50428.72612267,-2510.420458460001,2814904.35079394
2020-09-30,37471.18129298,33928.26963393,3542.911659049998,2818447.26245299
2020-10-01,41915.79303241,49021.24924571,-7105.4562133,2811341.80623969
2020-10-02,35882.90437892,55783.18871573,-19900.28433681,2791441.52190288
2020-10-03,20319.62078335,17595.24306899,2724.377714360002,2794165.89961724
2020-10-04,15412.50808376,15399.67402381,12.834059950000665,2794178.73367719
2020-10-05,32240.72479348,36846.15324279,-4605.428449310002,2789573.30522788
2020-10-06,33030.33950457,29438.66559514,3591.673909430003,2793164.97913731
2020-10-07,37684.43877966,57962.52583093,-20278.08705127,2772886.89208604
2020-10-08,41926.37738556,33529.82172259,8396.55566297,2781283.44774901
2020-10-09,45440.76109345,46263.55818329,-822.7970898400017,2780460.65065917
2020-10-10,27575.47616781,23658.17818704,3917.2979807699994,2784377.94863994
2020-10-11,14844.51561008,13663.68834937,1180.8272607099989,2785558.77590065
2020-10-12,35768.54393413,31382.00137335,4386.542560779999,2789945.31846143
2020-10-13,31180.06093613,33086.98707397,-1906.926137839997,2788038.39232359
2020-10-14,35862.90535263,40150.92021111,-4288.0148584800045,2783750.37746511
2020-10-15,27535.30620269,42396.4366876,-14861.130484909998,2768889.2469802
2020-10-16,39428.84165965,57919.94785794,-18491.10619829,2750398.14078191
2020-10-17,12602.48459634,23285.40076695,-10682.916170609999,2739715.2246113
2020-10-18,10453.39166414,11761.10138769,-1307.7097235500005,2738407.51488775
2020-10-19,32940.72961995,36580.77255854,-3640.042938589999,2734767.47194916
2020-10-20,32487.40688899,32642.85954858,-155.4526595899988,2734612.01928957
2020-10-21,55923.91675776,49202.77546621,6721.141291550004,2741333.16058112
2020-10-22,53506.95943355,55926.84711509,-2419.88768154,2738913.27289958
2020-10-23,32149.255125,38957.68119003,-6808.426065030002,2732104.84683455
2020-10-24,18542.4022287,17258.86691742,1283.5353112800003,2733388.38214583
2020-10-25,13485.66905496,14539.53861874,-1053.8695637799992,2732334.51258205
2020-10-26,32715.08581525,36752.085304,-4036.9994887499997,2728297.5130933
2020-10-27,31283.82409661,40465.96296025,-9182.13886364,2719115.37422966
2020-10-28,45754.17662098,41637.26732544,4116.909295539997,2723232.2835252
2020-10-29,41817.78658939,39092.02512662,2725.7614627700023,2725958.04498797
2020-10-30,39739.02833495,49177.63177003,-9438.603435079996,2716519.44155289
2020-10-31,25467.47125927,22692.08597332,2775.3852859500003,2719294.82683884
2020-11-01,17077.7000394,15449.50193994,1628.198099459998,2720923.0249383
2020-11-02,29998.21843156,53232.88921127,-23234.67077971,2697688.35415859
2020-11-03,41174.2379898,52869.81371599,-11695.57572619,2685992.7784324
2020-11-04,36062.42607753,41613.97842372,-5551.552346190001,2680441.22608621
2020-11-05,70514.5861017,65670.92549097,4843.660610730003,2685284.88669694
2020-11-06,56291.92829785,55575.67697964,716.251318210001,2686001.13801515
2020-11-07,25975.27847768,19946.42394576,6028.854531919998,2692029.99254707
2020-11-08,15536.24629897,18134.50752289,-2598.261223919999,2689431.73132315
2020-11-09,46589.09650798,57975.54799244,-11386.451484459998,2678045.27983869
2020-11-10,48329.21009925,51523.20196617,-3193.991866920005,2674851.28797177
2020-11-11,42837.6578149,44299.37242811,-1461.7146132100024,2673389.57335856
2020-11-12,44640.02030738,52987.08131945,-8347.06101207,2665042.51234649
2020-11-13,45419.94649331,41484.62857238,3935.3179209299997,2668977.83026742
2020-11-14,22946.82069345,15658.00554541,7288.815148040001,2676266.64541546
2020-11-15,11548.11751998,19128.9800668,-7580.862546819999,2668685.78286864
2020-11-16,39999.80303566,47322.70328802,-7322.900252359999,2661362.88261628
2020-11-17,52843.59802321,40891.17564701,11952.422376199997,2673315.30499248
2020-11-18,61354.19207056,62987.80745325,-1633.6153826900045,2671681.68960979
2020-11-19,33883.10593994,32822.33841959,1060.7675203499966,2672742.45713014
2020-11-20,61605.29390109,52683.08674163,8922.207159459998,2681664.6642896
2020-11-21,26585.77300501,18537.00151171,8048.771493299999,2689713.4357829
2020-11-22,22202.52358915,23406.56154736,-1204.0379582099995,2688509.39782469
2020-11-23,46073.91573446,38888.27588954,7185.639844920006,2695695.03766961
2020-11-24,53350.87914326,52056.38213179,1294.4970114699972,2696989.53468108
2020-11-25,52718.8858523,45908.52182823,6810.364024070004,2703799.89870515
2020-11-26,78755.02531838,59973.15693119,18781.868387189992,2722581.76709234
2020-11-27,61023.3779963,53734.22139948,7289.156596820001,2729870.92368916
2020-11-28,18872.7459909,23612.57700081,-4739.831009910002,2725131.09267925
2020-11-29,20267.26636053,23956.7160271,-3689.449666569999,2721441.64301268
2020-11-30,56874.33774245,47535.12016794,9339.217574510003,2730780.86058719
2020-12-01,59785.52348648,53488.594787,6296.928699479999,2737077.78928667
2020-12-02,37418.69251372,34484.88346957,2933.8090441500026,2740011.59833082
2020-12-03,36111.55389878,37037.50819813,-925.9542993499999,2739085.64403147
2020-12-04,39245.67535532,51370.84563582,-12125.170280499995,2726960.47375097
2020-12-05,17637.90642902,16350.09916733,1287.8072616900008,2728248.28101266
2020-12-06,12138.09043875,15100.03924735,-2961.9488086,2725286.33220406
2020-12-07,29686.33284979,28029.05103631,1657.28181348,2726943.61401754
2020-12-08,32214.5060957,38467.01040505,-6252.504309350003,2720691.10970819
2020-12-09,46196.53481265,50259.08782481,-4062.553012159995,2716628.55669603
2020-12-10,48545.20154483,54209.19718595,-5663.995641119996,2710964.56105491
2020-12-11,43224.05543764,36332.97399869,6891.081438950001,2717855.64249386
2020-12-12,36664.28591174,28376.45601413,8287.829897610001,2726143.47239147
2020-12-13,21437.75259873,18232.76275405,3204.98984468,2729348.46223615
2020-12-14,38900.27219349,32342.08922894,6558.1829645499965,2735906.6452007
2020-12-15,45597.28313275,41079.206917,4518.076215749999,2740424.72141645
2020-12-16,56988.58330887,49759.98163058,7228.601678290004,2747653.32309474
2020-12-17,74023.52745644,53184.6269938,20838.900462640006,2768492.22355738
2020-12-18,68076.54344726,51947.18585096,16129.357596300004,2784621.58115368
2020-12-19,31184.35495969,19692.45308082,11491.901878870001,2796113.48303255
2020-12-20,16804.03202759,21628.09781361,-4824.065786019997,2791289.41724653
2020-12-21,51993.77004461,43642.87472211,8350.8953225,2799640.31256903
2020-12-22,51934.98727616,70368.09780923,-18433.11053307001,2781207.20203596
2020-12-23,54356.80330499,83109.71815197,-28752.91484698,2752454.28718898
2020-12-24,51330.29602977,36734.21160763,14596.084422139997,2767050.37161112
2020-12-25,26252.56400026,19689.86173313,6562.70226713,2773613.07387825
2020-12-26,28579.26095333,24081.57269687,4497.688256459998,2778110.76213471
2020-12-27,54412.76844113,33152.70941815,21260.05902298,2799370.82115769
2020-12-28,43609.2438707,43932.21330854,-322.9694378400018,2799047.85171985
2020-12-29,40180.40243692,52433.98439751,-12253.581960590003,2786794.26975926
2020-12-30,50931.66370866,61594.76863478,-10663.104926119995,2776131.16483314
2020-12-31,48579.78808553,57792.67807213,-9212.8899866,2766918.27484654
2021-01-01,37815.71973097,49481.89669741,-11666.176966439998,2755252.0978801
2021-01-02,68415.56231941,92642.37432235,-24226.81200294,2731025.28587716
2021-01-03,53567.55610567,29840.24538839,23727.31071728,2754752.59659444
2021-01-04,70084.19947119,67369.23016421,2714.969306979998,2757467.56590142
2021-01-05,49368.93202182,47466.93270452,1901.999317300004,2759369.56521872
2021-01-06,50384.37968463,58854.5495731,-8470.169888469994,2750899.39533025
2021-01-07,72784.1708115,68189.75188404,4594.418927459992,2755493.81425771
2021-01-08,67584.25312259,60907.06704736,6677.186075230005,2762171.00033294
2021-01-09,32668.06475202,31118.0960485,1549.9687035200004,2763720.96903646
2021-01-10,39827.04920197,28313.27248286,11513.776719110003,2775234.74575557
2021-01-11,77546.25305976,65955.40665968,11590.846400080001,2786825.59215565
2021-01-12,54596.79192224,59317.44078339,-4720.648861149995,2782104.9432945
2021-01-13,40871.82892207,41101.87126327,-230.04234119999455,2781874.9009533
2021-01-14,47283.73958883,54584.09412844,-7300.354539610002,2774574.54641369
2021-01-15,83440.49108036,55997.50475859,27442.986321770004,2802017.53273546
2021-01-16,21748.46480925,20693.96514383,1054.4996654200004,2803072.03240088
2021-01-17,20440.20145237,21951.05328618,-1510.8518338099966,2801561.18056707
2021-01-18,31150.90430476,26348.24392919,4802.660375569998,2806363.84094264
2021-01-19,68778.12351776,47964.51450631,20813.609011450004,2827177.44995409
2021-01-20,50916.03460752,41004.86345279,9911.17115473,2837088.62110882
2021-01-21,51852.10497482,56794.3883276,-4942.283352779996,2832146.33775604
2021-01-22,51595.61880585,48348.61327386,3247.0055319899984,2835393.34328803
2021-01-23,20058.45195119,15987.3675746,4071.084376589999,2839464.42766462
2021-01-24,14463.9871766,16189.20266102,-1725.2154844199995,2837739.2121802
2021-01-25,41305.98503829,36089.89647139,5216.088566899998,2842955.3007471
2021-01-26,37525.13977799,37505.87219265,19.26758533999964,2842974.56833244
2021-01-27,56280.57459181,59337.23190717,-3056.6573153599966,2839917.91101708
2021-01-28,61424.94775886,55312.74507318,6112.20268568,2846030.11370276
2021-01-29,87853.71084723,71681.52585095,16172.184996280004,2862202.29869904
2021-01-30,29326.22857761,36431.7818951,-7105.553317490001,2855096.74538155
2021-01-31,25470.11613936,36503.58116329,-11033.465023929999,2844063.28035762
2021-02-01,38654.07710955,43821.77539446,-5167.698284909995,2838895.58207271
2021-02-02,37594.83947186,31792.27575793,5802.5637139300015,2844698.14578664
2021-02-03,39632.62594499,39787.80953466,-155.1835896699995,2844542.96219697
2021-02-04,47491.85167632,61956.72584352,-14464.874167199996,2830078.08802977
2021-02-05,51033.15220028,49580.79236112,1452.3598391599953,2831530.44786893
2021-02-06,32742.60202013,21806.90129693,10935.700723200003,2842466.14859213
2021-02-07,22123.87260119,31658.40351284,-9534.53091165,2832931.61768048
2021-02-08,68506.29063081,53309.30372105,15196.98690976001,2848128.60459024
2021-02-09,54950.45570164,55903.5641811,-953.1084794600029,2847175.49611078
2021-02-10,48221.74951478,39044.50032333,9177.249191449999,2856352.74530223
2021-02-11,36653.77776049,37572.59082351,-918.813063020003,2855433.93223921
2021-02-12,38303.23123438,38462.09040119,-158.859166809998,2855275.0730724
2021-02-13,17586.61871562,20477.05828074,-2890.4395651199993,2852384.63350728
2021-02-14,22553.97615651,20006.39809919,2547.5780573200027,2854932.2115646
2021-02-15,28187.68343165,31798.65804893,-3610.9746172800005,2851321.23694732
2021-02-16,40593.48078562,32352.37828747,8241.102498149998,2859562.33944547
2021-02-17,51980.70751004,44612.69424572,7368.013264320005,2866930.35270979
2021-02-18,33062.43731953,42738.90656628,-9676.469246749999,2857253.88346304
2021-02-19,51096.22466064,42275.71674327,8820.50791737,2866074.39138041
2021-02-20,36818.6719355,39661.49802209,-2842.826086590001,2863231.56529382
2021-02-21,55630.99461866,19984.23009454,35646.76452412,2898878.32981794
2021-02-22,59708.8920543,49056.28814932,10652.603904980002,2909530.93372292
2021-02-23,77943.61710951,63770.7411081,14172.876001409997,2923703.80972433
2021-02-24,47751.59826899,61384.00751935,-13632.409250360004,2910071.40047397
2021-02-25,74258.33852849,65815.20229729,8443.136231199998,2918514.53670517
2021-02-26,44023.60949688,42863.3641951,1160.2453017799999,2919674.78200695
2021-02-27,21253.27194018,17983.83084556,3269.441094619997,2922944.22310157
2021-02-28,26363.33806541,20471.81181362,5891.526251790001,2928835.74935336
2021-03-01,32426.03757615,41138.99376608,-8712.956189929999,2920122.79316343
2021-03-02,38240.91340419,44414.56179973,-6173.648395539996,2913949.14476789
2021-03-03,31777.68377881,36524.72279846,-4747.039019650005,2909202.10574824
2021-03-04,32154.87521981,27369.13995609,4785.735263720002,2913987.84101196
2021-03-05,57180.628712,43067.24726465,14113.381447349995,2928101.22245931
2021-03-06,23602.90847694,17883.08389364,5719.8245833,2933821.04704261
2021-03-07,21275.2315991,21329.86084203,-54.629242930001055,2933766.41779968
2021-03-08,41500.55952305,44352.37589691,-2851.816373860005,2930914.60142582
2021-03-09,35582.31678016,34658.86034702,923.4564331399961,2931838.05785896
2021-03-10,32776.8641162,32821.46285248,-44.598736280000594,2931793.45912268
2021-03-11,30681.23987801,31267.85799965,-586.61812164,2931206.84100104
2021-03-12,29989.59448665,33118.9465554,-3129.3520687499986,2928077.48893229
2021-03-13,27053.29478143,23048.67172611,4004.6230553200003,2932082.11198761
2021-03-14,48862.08039007,19813.40078565,29048.67960442,2961130.79159203
2021-03-15,35119.67398267,39633.52249255,-4513.848509880001,2956616.94308215
2021-03-16,35350.82725375,35927.57460353,-576.747349780002,2956040.19573237
2021-03-17,35815.03209865,39337.48995515,-3522.4578564999974,2952517.73787587
2021-03-18,38365.64635944,32863.84491521,5501.801444229997,2958019.5393201
2021-03-19,28374.99148896,27212.14920847,1162.8422804900001,2959182.38160059
2021-03-20,20046.27636284,17910.04229339,2136.234069449998,2961318.61567004
2021-03-21,11172.939589,37318.44405567,-26145.504466669998,2935173.11120337
2021-03-22,30717.33122645,43136.75599077,-12419.42476432,2922753.68643905
2021-03-23,57443.21898434,57183.70343051,259.51555382999504,2923013.20199288
2021-03-24,35329.95063542,36092.89408149,-762.9434460699995,2922250.25854681
2021-03-25,51682.61911443,51187.66791405,494.9512003800046,2922745.20974719
2021-03-26,42135.7091008,45459.46513056,-3323.7560297599994,2919421.45371743
2021-03-27,19252.66330786,19061.89225779,190.77105006999773,2919612.2247675
2021-03-28,11879.65116217,12042.29597818,-162.6448160100008,2919449.57995149
2021-03-29,37817.46461752,37764.77000884,52.69460868000169,2919502.27456017
2021-03-30,33687.51606806,27317.15807153,6370.357996530001,2925872.6325567
2021-03-31,34181.002169,35903.50377551,-1722.501606509999,2924150.13095019
2021-04-01,41122.94996954,41479.52350345,-356.57353390999924,2923793.55741628
2021-04-02,35219.22389733,34332.91363977,886.3102575599987,2924679.86767384
2021-04-03,19308.95496324,18493.32574733,815.6292159100012,2925495.49688975
2021-04-04,18129.55287334,22746.17890407,-4616.62603073,2920878.87085902
2021-04-05,29733.91334037,31735.71977919,-2001.80643882,2918877.0644202
2021-04-06,45030.1473613,53497.25139718,-8467.104035880002,2910409.96038432
2021-04-07,38494.70994865,42521.07909879,-4026.3691501400026,2906383.59123418
2021-04-08,28864.05817534,34694.32795166,-5830.269776320001,2900553.32145786
2021-04-09,27133.72655607,23979.59622291,3154.1303331599993,2903707.45179102
2021-04-10,33234.69654409,33694.61656732,-459.92002322999906,2903247.53176779
2021-04-11,25776.53520741,16521.17143407,9255.363773340003,2912502.89554113
2021-04-12,37391.71367266,35586.80569491,1804.907977750001,2914307.80351888
2021-04-13,45806.59787829,37877.71545459,7928.882423700001,2922236.68594258
2021-04-14,42836.36513994,34147.51583202,8688.849307919998,2930925.5352505
2021-04-15,32002.763112,36005.79349037,-4003.03037837,2926922.50487213
2021-04-16,39936.84903947,41373.45010452,-1436.601065050003,2925485.90380708
2021-04-17,18830.52377199,40858.78342909,-22028.2596571,2903457.64414998
2021-04-18,47177.18611814,61054.1789189,-13876.992800759996,2889580.65134922
2021-04-19,34551.52172997,34950.53440347,-399.01267350000126,2889181.63867572
2021-04-20,57947.17042327,57984.71396958,-37.54354631000024,2889144.09512941
2021-04-21,50365.41340472,43865.00997329,6500.403431430001,2895644.49856084
2021-04-22,70214.38540417,52079.31629773,18135.069106439994,2913779.56766728
2021-04-23,69973.97787906,59524.83467462,10449.143204439999,2924228.71087172
2021-04-24,21363.15426367,20875.66389661,487.4903670599997,2924716.20123878
2021-04-25,27969.38649046,22153.1468182,5816.239672260002,2930532.44091104
2021-04-26,38300.67556144,41590.45744474,-3289.7818832999983,2927242.65902774
2021-04-27,37909.37802028,28970.29348806,8939.084532219997,2936181.74355996
2021-04-28,31255.67381268,25731.09074449,5524.583068190001,2941706.32662815
2021-04-29,34296.67527297,33613.03264241,683.6426305600035,2942389.96925871
2021-04-30,47825.93246574,41060.38521662,6765.547249119998,2949155.51650783
2021-05-01,14740.00985664,12915.74171353,1824.268143109999,2950979.78465094
2021-05-02,12264.03444476,11296.636144,967.39830076,2951947.1829517
2021-05-03,37174.75693048,43149.48270181,-5974.725771329999,2945972.45718037
2021-05-04,39736.39992916,29211.79550612,10524.604423039997,2956497.06160341
2021-05-05,42681.1776081,38790.86282789,3890.3147802099993,2960387.37638362
2021-05-06,38312.8264103,51079.01256299,-12766.186152690003,2947621.19023093
2021-05-07,53686.97591801,43856.86129782,9830.114620189997,2957451.30485112
2021-05-08,25886.66352756,20211.08443305,5675.579094509998,2963126.88394563
2021-05-09,26962.13687553,23872.36949388,3089.767381649999,2966216.65132728
2021-05-10,48110.00985384,47448.57939671,661.4304571299945,2966878.08178441
2021-05-11,36150.28476096,41880.17029816,-5729.8855372000035,2961148.19624721
2021-05-12,73373.52357555,44648.55499844,28724.968577110005,2989873.16482432
2021-05-13,83886.9772487,65603.26500672,18283.71224198,3008156.8770663
2021-05-14,44053.11956939,47401.21257183,-3348.0930024400004,3004808.78406386
2021-05-15,33611.86707218,24022.80885382,9589.058218360002,3014397.84228222
2021-05-16,48192.03735224,40451.01808874,7741.0192634999985,3022138.86154572
2021-05-17,93470.99216722,57181.83771322,36289.154454,3058428.01599972
2021-05-18,39560.0191934,49651.65048145,-10091.631288049997,3048336.38471167
2021-05-19,144181.96518269,113275.09064838,30906.87453431,3079243.32640937
2021-05-20,70968.63241811,69149.40462951,1819.2277886000084,3081062.55419797
2021-05-21,55957.8804112,67618.04013592,-11660.159724720004,3069402.39447325
2021-05-22,47902.54890939,34571.35650745,13331.192401940003,3082733.58687519
2021-05-23,49698.98614132,50139.21032343,-440.2241821100033,3082293.36269308
2021-05-24,59639.64326548,61782.63225387,-2142.988988389996,3080150.37370469
2021-05-25,54594.31822693,47440.6384454,7153.6797815300015,3087304.05348622
2021-05-26,43981.12368416,43400.48401193,580.6396722299978,3087884.69315845
2021-05-27,36927.04980572,34744.88558875,2182.164216969999,3090066.85737542
2021-05-28,65987.4035974,57917.7066258,8069.696971600002,3098136.55434702
2021-05-29,28836.23069188,20882.53136326,7953.699328619998,3106090.25367564
2021-05-30,21693.62589335,25061.41177955,-3367.7858861999994,3102722.46778944
2021-05-31,31817.04211434,27620.02576439,4197.016349950001,3106919.48413939
2021-06-01,25394.62145817,25925.14421719,-530.5227590200011,3106388.96138037
2021-06-02,26199.44647924,26918.53532416,-719.0888449199992,3105669.87253545
2021-06-03,28162.10461327,29030.72860461,-868.6239913400022,3104801.24854411
2021-06-04,28621.35039057,29801.57375634,-1180.223365769998,3103621.02517834
2021-06-05,21953.35485612,17756.34168528,4197.01317084,3107818.03834918
2021-06-06,15261.22009947,18857.87155642,-3596.6514569499996,3104221.38689223
2021-06-07,42534.82165547,77273.03219611,-34738.21054064,3069483.17635159
2021-06-08,74685.39679701,61440.7987334,13244.598063610007,3082727.7744152
2021-06-09,54077.64501261,52530.60480332,1547.040209290004,3084274.81462449
2021-06-10,39868.28794542,31238.4203779,8629.86756752,3092904.68219201
2021-06-11,46081.07238356,33288.25661169,12792.815771870002,3105697.49796388
2021-06-12,19163.65486527,15931.76158594,3231.893279330001,3108929.39124321
2021-06-13,27224.38078353,20708.89768491,6515.4830986199995,3115444.87434183
2021-06-14,55103.46665326,44492.57226272,10610.894390540001,3126055.76873237
2021-06-15,53791.3497196,83869.88205967,-30078.532340069993,3095977.2363923
2021-06-16,66853.34384725,53978.98113787,12874.362709379995,3108851.59910168
2021-06-17,45218.67070256,46893.38887896,-1674.7181764000052,3107176.88092528
2021-06-18,65592.65542361,48764.07374943,16828.581674180008,3124005.46259946
2021-06-19,26203.72235963,27671.79975404,-1468.0773944100001,3122537.38520505
2021-06-20,27658.50416809,25529.58278939,2128.921378700001,3124666.30658375
2021-06-21,61089.31834347,59789.02240073,1300.2959427399983,3125966.60252649
2021-06-22,62039.83733309,54733.45748379,7306.3798492999995,3133272.98237579
2021-06-23,48695.94523267,50870.12533528,-2174.18010261,3131098.80227318
2021-06-24,32821.66252367,29620.7196845,3200.9428391699985,3134299.74511235
2021-06-25,42106.80892022,46749.09230195,-4642.283381729998,3129657.46173062
2021-06-26,30431.18614311,25934.48635358,4496.699789530001,3134154.16152015
2021-06-27,22489.88065867,20669.89662314,1819.9840355300003,3135974.14555568
2021-06-28,31258.35740506,30151.79502154,1106.5623835199985,3137080.7079392
2021-06-29,28425.53339117,31368.07398916,-2942.540597989999,3134138.16734121
2021-06-30,27178.63988462,34394.73014156,-7216.090256940002,3126922.07708427
2021-07-01,18964.15230308,29525.840185,-10561.68788192,3116360.38920235
2021-07-02,23156.69020599,22598.78805673,557.9021492599968,3116918.29135161
2021-07-03,15725.98445051,9723.07704555,6002.90740496,3122921.19875657
2021-07-04,10486.75079572,13856.06686757,-3369.3160718500003,3119551.88268472
2021-07-05,24201.19126543,18888.78620973,5312.405055700001,3124864.28774042
2021-07-06,21127.06852952,22140.3269488,-1013.2584192800023,3123851.02932114
2021-07-07,19934.78210327,27909.42042531,-7974.6383220399985,3115876.3909991
2021-07-08,26634.23923936,38728.09312233,-12093.853882970001,3103782.53711613
2021-07-09,27079.91871883,23876.58680095,3203.3319178799975,3106985.86903401
2021-07-10,11277.16650672,10968.89114692,308.27535979999993,3107294.14439381
2021-07-11,14203.64245324,15252.70191846,-1049.0594652199998,3106245.08492859
2021-07-12,30574.83735578,28760.26800932,1814.5693464600008,3108059.65427505
2021-07-13,29957.12267523,30790.09503132,-832.972356090002,3107226.68191896
2021-07-14,31123.0964304,28194.60994477,2928.486485630001,3110155.16840459
2021-07-15,31329.81997849,33044.39094128,-1714.5709627899996,3108440.5974418
2021-07-16,24589.51099513,26293.91640467,-1704.4054095399988,3106736.19203226
2021-07-17,91983.62090842,62656.93197827,29326.688930149998,3136062.88096241
2021-07-18,29326.3446856,11879.78039125,17446.56429435,3153509.44525676
2021-07-19,33116.27345812,24955.27383595,8160.9996221699985,3161670.44487893
2021-07-20,34438.51735132,37693.49723142,-3254.9798800999997,3158415.46499883
2021-07-21,28995.11143843,31747.97638485,-2752.864946419999,3155662.60005241
2021-07-22,27815.58479151,23534.29508894,4281.289702569997,3159943.88975498
2021-07-23,21996.31001368,21375.92099973,620.3890139499999,3160564.27876893
2021-07-24,16433.81807349,12820.93923836,3612.878835130001,3164177.15760406
2021-07-25,11055.48593859,15963.22644089,-4907.740502299999,3159269.41710176
2021-07-26,50923.34811469,39952.27981904,10971.068295650002,3170240.48539741
2021-07-27,43029.21212046,37727.44197702,5301.7701434400005,3175542.25554085
2021-07-28,73667.00064946,105487.0267144,-31820.02606494,3143722.22947591
2021-07-29,28512.34370203,54506.56089655,-25994.21719452,3117728.01228139
2021-07-30,26942.45274836,27890.84987053,-948.3971221700012,3116779.61515922
2021-07-31,13808.55846552,14251.57941618,-443.0209506600004,3116336.59420856
2021-08-01,18182.39766851,12852.52930957,5329.868358939999,3121666.4625675
2021-08-02,27723.68194693,23573.68476319,4149.997183740001,3125816.45975124
2021-08-03,34408.67142354,31385.3208325,3023.350591039998,3128839.81034228
2021-08-04,23768.07054274,38947.94966243,-15179.879119690002,3113659.93122259
2021-08-05,30220.67679549,23337.1795562,6883.497239289998,3120543.42846188
2021-08-06,55404.27185976,46353.04968631,9051.222173450005,3129594.65063533
2021-08-07,16754.20104851,14761.01182492,1993.1892235899995,3131587.83985892
2021-08-08,26839.74147532,21944.75940126,4894.982074060001,3136482.82193298
2021-08-09,39024.26417221,45283.17927755,-6258.915105339998,3130223.90682764
2021-08-10,27808.62534157,20456.68659527,7351.938746300002,3137575.84557394
2021-08-11,27036.93439183,37954.87699905,-10917.94260722,3126657.90296672
2021-08-12,27002.78597649,19398.94665311,7603.839323379998,3134261.7422901
2021-08-13,25731.34797719,22908.44753571,2822.90044148,3137084.64273158
2021-08-14,17713.03912691,13855.8222339,3857.2168930099997,3140941.85962459
2021-08-15,17795.63565336,16040.09363337,1755.5420199900018,3142697.40164458
2021-08-16,22855.408904,20743.13184843,2112.277055570001,3144809.67870015
2021-08-17,19110.41411244,19267.95696724,-157.54285479999817,3144652.13584535
2021-08-18,30732.9515883,26250.81868955,4482.132898749998,3149134.2687441
2021-08-19,20978.93286961,22419.51215449,-1440.579284880001,3147693.68945922
2021-08-20,34871.95015479,42486.76709716,-7614.816942370002,3140078.87251685
2021-08-21,30427.31964326,23122.39003046,7304.929612800002,3147383.80212965
2021-08-22,12210.83061209,12744.70315004,-533.8725379500011,3146849.9295917
2021-08-23,43235.99786013,27064.05204363,16171.945816500003,3163021.8754082
2021-08-24,22217.40004801,22258.71963072,-41.31958270999894,3162980.55582549
2021-08-25,30434.18723523,57051.93850288,-26617.75126765,3136362.80455784
2021-08-26,46536.40139646,20448.01114431,26088.390252150002,3162451.19480999
2021-08-27,21470.60419011,22428.37206208,-957.7678719700016,3161493.42693802
2021-08-28,12503.4952525,11359.04130916,1144.4539433400005,3162637.88088136
2021-08-29,12448.87160314,11504.57692295,944.2946801899998,3163582.17556155
2021-08-30,24718.66908314,20799.36117842,3919.307904720001,3167501.48346627
2021-08-31,30002.39745116,32442.87519347,-2440.477742310002,3165061.00572396
2021-09-01,33629.86235778,33162.37784131,467.48451647000184,3165528.49024043
2021-09-02,35231.26231443,47227.60935134,-11996.347036909996,3153532.14320352
2021-09-03,22238.54291708,37341.14931258,-15102.606395499995,3138429.53680802
2021-09-04,12986.35515863,19540.29228396,-6553.93712533,3131875.59968269
2021-09-05,14240.92142435,12255.50163411,1985.4197902399992,3133861.01947293
2021-09-06,21977.80414202,29559.90087744,-7582.09673542,3126278.92273751
2021-09-07,40599.68077196,44482.13377013,-3882.4529981700034,3122396.46973934
2021-09-08,29901.1470325,34577.69387647,-4676.546843970002,3117719.92289537
2021-09-09,25959.45129924,26141.92281182,-182.4715125799994,3117537.45138279
2021-09-10,29211.02950607,76630.4648807,-47419.435374630004,3070118.01600816
2021-09-11,11441.52324087,13005.67855551,-1564.1553146400001,3068553.86069352
2021-09-12,9597.00647529,10325.02583444,-728.019359150001,3067825.84133437
2021-09-13,29787.18535783,32004.76627129,-2217.5809134599986,3065608.26042091
2021-09-14,22331.40869317,23203.52537827,-872.116685099998,3064736.14373581
2021-09-15,19300.35804029,33834.19752795,-14533.839487659996,3050202.30424815
2021-09-16,21374.58638346,26259.71217045,-4885.12578699,3045317.17846116
2021-09-17,19455.46411489,21877.66174399,-2422.197629099999,3042894.98083206
2021-09-18,11495.60221158,11553.74358687,-58.141375289998905,3042836.83945677
2021-09-19,10116.21138089,10987.90965096,-871.698270070001,3041965.1411867
2021-09-20,36259.46063202,30202.86378228,6056.596849739995,3048021.73803644
2021-09-21,26618.36872705,20936.65193966,5681.71678739,3053703.45482383
2021-09-22,19793.27831193,19710.46171568,82.81659624999884,3053786.27142008
2021-09-23,19073.95752792,20276.4015513,-1202.4440233800015,3052583.8273967
2021-09-24,31189.475044,31457.30476605,-267.8297220500026,3052315.99767465
2021-09-25,10340.41327464,12186.22160814,-1845.808333500001,3050470.18934115
2021-09-26,24760.56625138,17605.66744854,7154.898802840002,3057625.08814399
2021-09-27,20190.84497193,24180.7422848,-3989.897312869998,3053635.19083112
2021-09-28,19173.57008131,22463.27424198,-3289.7041606700004,3050345.48667045
2021-09-29,19013.82610576,17045.02336,1968.80274576,3052314.28941621
2021-09-30,25246.85222364,23027.81585547,2219.03636817,3054533.32578438
2021-10-01,25049.53737563,26113.07414422,-1063.5367685900019,3053469.78901579
2021-10-02,14220.16016237,13656.19251576,563.9676466100009,3054033.7566624
2021-10-03,13465.6438222,14013.96586231,-548.3220401100007,3053485.43462229
2021-10-04,22860.60950177,22811.49894427,49.11055750000014,3053534.54517979
2021-10-05,29565.36881748,30492.47787316,-927.1090556800009,3052607.43612411
2021-10-06,37354.21332297,34311.59945209,3042.613870879999,3055650.04999499
2021-10-07,27940.59019713,26941.5843593,999.0058378300018,3056649.05583282
2021-10-08,24034.41766785,20434.5428346,3599.87483325,3060248.93066607
2021-10-09,12392.92832427,12365.69321452,27.235109749999538,3060276.16577582
2021-10-10,11138.2408634,11866.9134576,-728.6725941999994,3059547.49318162
2021-10-11,21964.38405164,21274.97958452,689.4044671200027,3060236.89764874
2021-10-12,31808.13889664,23385.86951063,8422.26938601,3068659.16703475
2021-10-13,24637.17777531,27172.18302939,-2535.005254079999,3066124.16178067
2021-10-14,23695.3970207,25054.57103613,-1359.1740154300023,3064764.98776524
2021-10-15,35644.7187354,37661.07906344,-2016.3603280399984,3062748.6274372
2021-10-16,22572.77845855,14916.16998462,7656.60847393,3070405.23591113
2021-10-17,13052.93540338,15268.95083871,-2216.0154353300004,3068189.2204758
2021-10-18,30899.42974691,28466.69040715,2432.739339759999,3070621.95981556
2021-10-19,39286.32579853,42647.9540997,-3361.6283011699998,3067260.33151439
2021-10-20,28123.72723961,28117.17277013,6.554469480000989,3067266.88598387
2021-10-21,52574.79447369,52355.09523262,219.69924107000406,3067486.58522494
2021-10-22,24200.40086856,27777.0757754,-3576.674906840002,3063909.9103181
2021-10-23,17821.02771553,16201.49328049,1619.5344350399992,3065529.44475314
2021-10-24,11913.32617814,21918.19922096,-10004.87304282,3055524.5040885
2021-10-25,18801.82000881,33245.71014138,-14443.890132569999,3041080.61395593
2021-10-26,22701.17479714,24830.33012639,-2129.1553292499993,3038951.45862668
2021-10-27,28198.10650865,28019.72384727,178.38266137999744,3039129.84128806
2021-10-28,39602.05996302,31850.20536241,7751.8546006100005,3046881.69588867
2021-10-29,33461.13595654,32955.46408637,505.67187017000106,3047387.36775884
2021-10-30,13532.54003848,14761.043788,-1228.5037495200013,3046158.86400932
2021-10-31,13870.50449184,35012.39179077,-21141.88729893,3025016.97671039
2021-11-01,23875.58360794,19453.23878776,4422.344820179998,3029439.32153057
2021-11-02,33291.67531029,35021.70480432,-1730.029494030001,3027709.29203654
2021-11-03,35664.22257628,36211.07054526,-546.8479689800006,3027162.44406756
2021-11-04,21003.47422665,24401.30464471,-3397.830418059999,3023764.6136495
2021-11-05,21792.07011415,22693.82117141,-901.7510572600004,3022862.86259224
2021-11-06,12059.12887728,17700.79871814,-5641.669840859999,3017221.19275138
2021-11-07,10566.00842174,9851.98388565,714.0245360900008,3017935.21728747
2021-11-08,38913.37418775,32437.92135746,6475.45283029,3024410.67011776
2021-11-09,23881.80706335,28281.72714461,-4399.920081259999,3020010.7500365
2021-11-10,31396.49766969,30929.96468359,466.53298610000274,3020477.2830226
2021-11-11,20479.87416509,24809.92405419,-4330.049889099999,3016147.2331335
2021-11-12,23723.21690431,22682.7879086,1040.428995710001,3017187.66212921
2021-11-13,10481.37616288,10438.98250388,42.39365899999939,3017230.05578821
2021-11-14,14887.57738278,12270.06161292,2617.5157698599996,3019847.57155807
2021-11-15,20540.51821025,16415.28200829,4125.2362019600005,3023972.80776003
2021-11-16,31932.46886222,37408.88476217,-5476.415899949996,3018496.39186008
2021-11-17,32772.81164308,37260.40173891,-4487.590095829997,3014008.80176425
2021-11-18,63512.35977615,49771.54859142,13740.811184729995,3027749.61294898
2021-11-19,35976.72418297,33761.50193438,2215.2222485899983,3029964.83519757
2021-11-20,14095.91804288,12163.30582708,1932.6122157999998,3031897.44741337
2021-11-21,14647.25846979,15010.85167152,-363.59320173000015,3031533.85421164
2021-11-22,42621.89132137,37012.713046,5609.178275370003,3037143.03248701
2021-11-23,32120.51229409,31002.04582409,1118.4664699999994,3038261.49895701
2021-11-24,28832.6314779,24736.16833055,4096.463147349998,3042357.96210436
2021-11-25,30387.13084854,37964.61286417,-7577.4820156299975,3034780.48008873
2021-11-26,62737.3514989,42255.25399029,20482.09750861,3055262.57759734
2021-11-27,12291.41597146,13388.22911445,-1096.8131429900004,3054165.76445435
2021-11-28,12337.79510268,11087.2793953,1250.51570738,3055416.28016173
2021-11-29,27076.20762516,29574.6053492,-2498.397724039998,3052917.88243769
2021-11-30,31813.9274799,26068.18830204,5745.739177860003,3058663.62161555
2021-12-01,29227.67530157,28349.46610085,878.2092007200008,3059541.83081627
2021-12-02,28010.17884049,29180.27553518,-1170.0966946900007,3058371.73412158
2021-12-03,30694.8544769,29734.94652911,959.9079477900013,3059331.64206937
2021-12-04,49571.97452384,52402.64236183,-2830.667837990004,3056500.97423138
2021-12-05,26334.39885919,30151.98311417,-3817.58425498,3052683.3899764
2021-12-06,49893.36519714,41951.57648125,7941.788715890005,3060625.17869229
2021-12-07,24980.86976575,42032.21409809,-17051.34433234,3043573.83435995
2021-12-08,27102.75115313,25475.96022729,1626.7909258399995,3045200.62528579
2021-12-09,25184.60476606,23987.31524744,1197.2895186200003,3046397.91480441
2021-12-10,35363.69911572,25801.65387382,9562.045241900003,3055959.96004631
2021-12-11,12110.69075657,14048.48856506,-1937.7978084900005,3054022.16223782
2021-12-12,9472.471135,11735.45470796,-2262.98357296,3051759.17866486
2021-12-13,28650.99803394,28797.72314003,-146.72510609000165,3051612.45355877
2021-12-14,26514.88079683,26666.3910003,-151.5102034699994,3051460.9433553
2021-12-15,26746.02971821,28959.85524534,-2213.8255271300004,3049247.11782817
2021-12-16,24677.73011987,25716.82662603,-1039.09650616,3048208.02132201
2021-12-17,27363.1584301,32830.27308557,-5467.114655469999,3042740.90666654
2021-12-18,17191.31833291,11988.81692842,5202.50140449,3047943.40807103
2021-12-19,10342.28611014,12662.86290622,-2320.5767960800003,3045622.83127495
2021-12-20,31821.76523198,27532.86841191,4288.89682007,3049911.72809502
2021-12-21,29337.04856124,28115.34685327,1221.7017079700017,3051133.42980299
2021-12-22,25556.8625256,26993.88868917,-1437.0261635699972,3049696.40363942
2021-12-23,33864.67401225,26044.37148946,7820.302522789996,3057516.70616221
2021-12-24,26126.99549127,20952.18501968,5174.810471590001,3062691.5166338
2021-12-25,28822.156115,14502.38226828,14319.773846720002,3077011.29048052
2021-12-26,12420.24872265,11682.93744296,737.3112796900004,3077748.60176021
2021-12-27,31227.10955114,20480.80624041,10746.303310730003,3088494.90507094
2021-12-28,26182.34311543,23833.33662466,2349.00649077,3090843.91156171
2021-12-29,28627.64041494,34278.40652407,-5650.76610913,3085193.14545258
2021-12-30,27772.63547802,38180.49137544,-10407.855897419995,3074785.28955516
2021-12-31,23687.27612992,32636.95864621,-8949.682516290002,3065835.60703887
2022-01-01,15262.18634378,17038.35705531,-1776.1707115299996,3064059.43632734
2022-01-02,10951.30257108,9472.13857127,1479.16399981,3065538.60032715
2022-01-03,23410.19086715,16811.81159831,6598.379268839999,3072136.97959599
2022-01-04,27537.83883403,28242.35665408,-704.5178200499977,3071432.46177594
2022-01-05,26123.91807792,27766.00135772,-1642.083279800001,3069790.37849614
2022-01-06,31196.02335878,27991.92398956,3204.099369219999,3072994.47786536
2022-01-07,33985.79444225,28246.67386344,5739.1205788100015,3078733.59844417
2022-01-08,16385.79109848,15388.41209423,997.3790042500004,3079730.97744842
2022-01-09,13689.69288183,11610.22591123,2079.4669706000004,3081810.44441902
2022-01-10,26663.61061751,26972.94662732,-309.336009810002,3081501.10840921
2022-01-11,24452.99252202,36959.58541657,-12506.592894550002,3068994.51551466
2022-01-12,24765.05354909,21593.77328452,3171.2802645699994,3072165.79577923
2022-01-13,31033.03702096,26996.88508734,4036.15193362,3076201.94771285
2022-01-14,25254.96343621,20887.46170772,4367.501728490002,3080569.44944134
2022-01-15,11394.45644649,10623.73997652,770.7164699699988,3081340.16591131
2022-01-16,8431.53057591,10962.12789276,-2530.5973168500004,3078809.56859446
2022-01-17,21879.51990679,29537.71773356,-7658.19782677,3071151.37076769
2022-01-18,19987.31325306,23868.81295752,-3881.4997044599986,3067269.87106323
2022-01-19,24234.04869097,29943.12654295,-5709.077851980001,3061560.79321125
2022-01-20,33934.31061335,26870.66102368,7063.649589669996,3068624.44280092
2022-01-21,57541.2042352,43760.21109475,13780.993140450002,3082405.43594137
2022-01-22,38182.29496902,38519.96297905,-337.66801003,3082067.76793134
2022-01-23,25204.49927767,22016.7172351,3187.7820425699974,3085255.54997391
2022-01-24,57850.3176155,51837.1196652,6013.197950299997,3091268.74792421
2022-01-25,27861.61707436,27539.14495103,322.4721233300006,3091591.22004754
2022-01-26,29294.43354402,35515.9032098,-6221.469665780001,3085369.75038176
2022-01-27,27527.59095893,39301.99077094,-11774.39981201,3073595.35056975
2022-01-28,33418.21249514,30989.36143393,2428.8510612099963,3076024.20163096
2022-01-29,24889.37317986,38680.56578999,-13791.192610130005,3062233.00902083
2022-01-30,38212.81703791,31243.60202049,6969.215017419996,3069202.22403825
2022-01-31,24010.73903999,25918.18718199,-1907.448142000001,3067294.77589625
2022-02-01,26950.57627256,23788.62672158,3161.94955098,3070456.72544723
2022-02-02,18229.08427724,19520.59718586,-1291.5129086199995,3069165.21253861
2022-02-03,25725.99589796,23264.2083367,2461.78756126,3071627.00009987
2022-02-04,25031.15124995,24219.50955394,811.6416960099996,3072438.64179588
2022-02-05,13264.00890583,15240.13149329,-1976.1225874600004,3070462.51920842
2022-02-06,17488.61240921,12405.84394232,5082.76846689,3075545.28767531
2022-02-07,26721.61881544,31787.92393645,-5066.305121009998,3070478.9825543
2022-02-08,32531.73118705,34364.93121956,-1833.200032509998,3068645.78252179
2022-02-09,19296.11425154,22195.88461484,-2899.770363300002,3065746.01215849
2022-02-10,21236.19609355,31128.87243459,-9892.676341040002,3055853.33581745
2022-02-11,20654.08900888,19980.71083295,673.37817593,3056526.71399338
2022-02-12,13134.70990443,10933.71435532,2200.995549109999,3058727.70954249
2022-02-13,8811.26111417,7857.70256488,953.55854929,3059681.26809178
2022-02-14,17033.2839657,19963.89755953,-2930.6135938299994,3056750.65449795
2022-02-15,36424.5767452,37179.43264649,-754.8559012900005,3055995.79859666
2022-02-16,22561.66162147,23380.26127549,-818.5996540199994,3055177.19894264
2022-02-17,20756.98348223,24405.56310836,-3648.5796261299984,3051528.61931651
2022-02-18,27193.11499044,30195.16698648,-3002.051996039998,3048526.56732047
2022-02-19,12374.61689961,11328.53020772,1046.086691890001,3049572.65401236
2022-02-20,12792.87889424,12570.383324,222.49557024000023,3049795.1495826
2022-02-21,25959.97580783,24114.7463931,1845.2294147300017,3051640.37899733
2022-02-22,23398.90392478,23376.67133658,22.232588200000464,3051662.61158553
2022-02-23,20537.30480399,22551.86246593,-2014.5576619400017,3049648.05392359
2022-02-24,45903.3013395,39506.36989058,6396.931448920004,3056044.98537251
2022-02-25,30156.10161493,30095.22309841,60.87851652000245,3056105.86388903
2022-02-26,13174.97004348,11651.38659802,1523.583445459999,3057629.44733449
2022-02-27,13555.2225735,15692.58132039,-2137.3587468900005,3055492.0885876
2022-02-28,31388.81378757,32664.1804927,-1275.36670513,3054216.72188247
2022-03-01,35483.56665706,34148.6366663,1334.9299907599998,3055551.65187323
2022-03-02,29420.92368094,32233.42251322,-2812.498832280002,3052739.15304095
2022-03-03,30215.84083153,26499.66074225,3716.180089280002,3056455.33313023
2022-03-04,26869.24665776,28497.73882771,-1628.492169950001,3054826.84096028
2022-03-05,11428.50453376,11330.60900291,97.8955308500008,3054924.73649113
2022-03-06,9628.22648529,10509.56871433,-881.3422290399994,3054043.39426209
2022-03-07,21692.14415951,19354.43100185,2337.7131576600004,3056381.10741975
2022-03-08,24020.37738678,25680.43014555,-1660.052758769998,3054721.05505805
2022-03-09,23189.75006144,26959.78346752,-3770.033406079998,3050951.02165197
2022-03-10,31056.79797586,60698.22368342,-29641.42570756,3021309.59594441
2022-03-11,22283.64732984,20157.69444084,2125.952889,3023435.54883341
2022-03-12,8481.71136294,9619.81533457,-1138.1039716300002,3022297.44486178
2022-03-13,8951.46829079,8993.484477,-42.01618620999943,3022255.42867557
2022-03-14,23019.64925892,17989.91007223,5029.73918669,3027285.16786226
2022-03-15,18920.44117706,27980.65421337,-9060.213036309997,3018224.95482595
2022-03-16,23925.78823649,30904.86698645,-6979.078749960001,3011245.87607599
2022-03-17,29248.77586078,24066.08181099,5182.69404979,3016428.57012578
2022-03-18,42927.1324353,40630.87154008,2296.2608952200026,3018724.831021
2022-03-19,21157.18505534,16848.00946941,4309.175585929999,3023034.00660693
2022-03-20,11207.47482012,11824.75422047,-617.2794003500003,3022416.72720658
2022-03-21,32618.24605728,43574.96748379,-10956.721426510001,3011460.00578007
2022-03-22,38867.39945801,41756.96611809,-2889.566660080003,3008570.43911999
2022-03-23,23335.50251565,25597.99552016,-2262.4930045099973,3006307.94611548
2022-03-24,40792.10733013,42359.0015403,-1566.8942101700013,3004741.05190531
2022-03-25,44740.99273286,38883.48434695,5857.508385910005,3010598.56029122
2022-03-26,18814.42988626,20428.9516976,-1614.5218113400006,3008984.03847988
2022-03-27,18785.40867709,20920.55717868,-2135.14850159,3006848.88997829
2022-03-28,43670.7292415,40726.76976861,2943.9594728899974,3009792.84945118
2022-03-29,38543.73166834,51012.26078765,-12468.529119309998,2997324.32033187
2022-03-30,35564.50206692,32017.84282939,3546.6592375300024,3000870.9795694
2022-03-31,25887.47052927,25499.43825659,388.0322726799968,3001259.01184208
2022-04-01,32525.63171937,33960.66935513,-1435.0376357599962,2999823.97420632
2022-04-02,11560.54715097,10496.03269339,1064.5144575800005,3000888.4886639
2022-04-03,8659.08892652,10801.33192557,-2142.2429990500004,2998746.24566485
2022-04-04,27810.0759835,24723.33900595,3086.7369775499974,3001832.9826424
2022-04-05,22814.21496939,17540.57757031,5273.637399079998,3007106.62004148
2022-04-06,30008.69220334,36691.1718826,-6682.479679259999,3000424.14036222
2022-04-07,28490.34810921,24523.49629114,3966.851818070001,3004390.99218029
2022-04-08,19610.24437167,19873.16002976,-262.91565809000167,3004128.0765222
2022-04-09,9476.61588559,10015.17102894,-538.5551433500004,3003589.52137885
2022-04-10,16871.81697949,20767.402461,-3895.585481510003,2999693.93589734
2022-04-11,30114.41637204,28611.34190211,1503.0744699299976,3001197.01036727
2022-04-12,19603.40350757,20672.56336497,-1069.1598573999981,3000127.85050987
2022-04-13,17534.88677799,17608.1946057,-73.3078277099994,3000054.54268216
2022-04-14,40638.91338897,53395.28189784,-12756.36850887,2987298.17417329
2022-04-15,18793.19272399,28545.06154347,-9751.868819480002,2977546.30535381
2022-04-16,12244.69118304,11558.21992666,686.4712563800003,2978232.77661019
2022-04-17,12156.0633624,11225.91484218,930.1485202200001,2979162.92513041
2022-04-18,19809.98263703,20640.90434181,-830.9217047800012,2978332.00342563
2022-04-19,25630.6301942,24417.43486875,1213.1953254500004,2979545.19875108
2022-04-20,25051.050828,23785.19371643,1265.8571115699997,2980811.05586265
2022-04-21,72371.39904935,73267.64259725,-896.2435478999978,2979914.81231475
2022-04-22,21011.15084022,14668.89252067,6342.258319550001,2986257.0706343
2022-04-23,10050.1009437,8900.61605746,1149.4848862399995,2987406.55552054
2022-04-24,8974.29238238,11052.81407486,-2078.5216924800006,2985328.03382806
2022-04-25,30641.79811716,18504.01983692,12137.77828024,2997465.8121083
2022-04-26,29678.15238601,29357.71167476,320.44071124999755,2997786.25281955
2022-04-27,25589.57353518,25829.07002116,-239.49648598000203,2997546.75633357
2022-04-28,22570.61721622,25755.87441968,-3185.2572034600016,2994361.49913011
2022-04-29,28866.22876176,24878.85829051,3987.3704712500003,2998348.86960136
2022-04-30,12044.99875111,9847.99445653,2197.0042945800014,3000545.87389594
2022-05-01,12956.20528451,10026.34899694,2929.856287570001,3003475.73018351
2022-05-02,29849.74969321,33766.7078545,-3916.9581612899965,2999558.77202222
2022-05-03,30102.05223985,33802.70275369,-3700.650513839999,2995858.12150838
2022-05-04,45106.94444478,32295.94648152,12810.997963259997,3008669.11947164
2022-05-05,50955.44860705,43742.77577382,7212.672833229997,3015881.79230487
2022-05-06,67837.48489584,51755.06646475,16082.418431089995,3031964.21073596
2022-05-07,17352.52344014,16022.23703121,1330.286408930002,3033294.49714489
2022-05-08,35730.9701152,28072.22872785,7658.741387349997,3040953.23853224
2022-05-09,149767.82568314,65464.57138478,84303.25429836,3125256.4928306
2022-05-10,50072.95478328,47407.80156,2665.153223280002,3127921.64605388
2022-05-11,93319.23256782,102623.52028467,-9304.287716849998,3118617.35833703
2022-05-12,92503.71601326,102032.4528195,-9528.736806240006,3109088.62153079
2022-05-13,54785.83597659,47809.34886657,6976.4871100200035,3116065.10864081
2022-05-14,45769.41652234,64841.84144041,-19072.42491807,3096992.68372274
2022-05-15,17437.22290689,16746.472444,690.7504628900024,3097683.43418563
2022-05-16,45144.13234917,51181.10638693,-6036.974037759996,3091646.46014787
2022-05-17,53524.64262929,51467.56918613,2057.0734431599994,3093703.53359103
2022-05-18,42133.15450108,39952.64034076,2180.5141603199954,3095884.04775135
2022-05-19,63169.33016226,47699.15458477,15470.175577489994,3111354.22332884
2022-05-20,38632.84064025,37647.03523488,985.8054053699962,3112340.02873421
2022-05-21,13042.66842739,10792.30503431,2250.363393079999,3114590.39212729
2022-05-22,15937.31200834,15580.90459553,356.4074128100001,3114946.7995401
2022-05-23,38305.40153088,38505.2928405,-199.89130961999763,3114746.90823048
2022-05-24,38774.05566483,34940.4439942,3833.6116706299945,3118580.51990111
2022-05-25,29438.99261875,28358.56571377,1080.4269049799987,3119660.94680609
2022-05-26,41481.05449273,48458.69613665,-6977.641643920004,3112683.30516217
2022-05-27,47156.52213741,40073.2221971,7083.299940309997,3119766.60510248
2022-05-28,11443.23443885,18395.89017721,-6952.655738359999,3112813.95369099
2022-05-29,15027.60768108,14366.85226867,660.7554124100006,3113474.7091034
2022-05-30,32519.73624585,34946.72410733,-2426.9878614800036,3111047.72124192
2022-05-31,32994.65621837,28546.48730611,4448.16891226,3115495.89015418
2022-06-01,51743.76412819,35326.06635124,16417.69777695,3131913.58793113
2022-06-02,24728.43926554,30180.00926073,-5451.569995189999,3126462.01793594
2022-06-03,18911.6643463,30799.04766659,-11887.383320289999,3114574.63461565
2022-06-04,19442.13109616,27092.84421913,-7650.713122969999,3106923.92149268
2022-06-05,8190.09364834,10727.93243777,-2537.8387894299995,3104386.08270325
2022-06-06,30205.24426527,36376.71827002,-6171.474004749998,3098214.6086985
2022-06-07,30417.32064672,27489.02859258,2928.292054139998,3101142.90075264
2022-06-08,23521.40871174,20935.86883566,2585.5398760800017,3103728.44062872
2022-06-09,28607.20274064,28283.44257409,323.7601665500006,3104052.20079527
2022-06-10,27827.29182916,26162.10139218,1665.1904369799995,3105717.39123225
2022-06-11,26090.04963602,22727.30074051,3362.7488955100016,3109080.14012776
2022-06-12,33384.51198156,41318.34292243,-7933.830940870001,3101146.30918689
2022-06-13,130003.00394287,105362.70766103,24640.296281839997,3125786.60546873
2022-06-14,107118.75787844,80933.39822692,26185.35965151999,3151971.96512025
2022-06-15,92956.92377546,105933.34257084,-12976.41879538,3138995.54632487
2022-06-16,80038.63554981,75782.91610453,4255.719445280003,3143251.26577015
2022-06-17,85452.46928541,123232.75463935,-37780.285353939995,3105470.98041621
2022-06-18,89759.84649108,83421.98555215,6337.860938929996,3111808.84135514
2022-06-19,37110.59013009,37298.7849535,-188.1948234099982,3111620.64653173
2022-06-20,39775.70931754,52452.71518659,-12677.005869050001,3098943.64066268
2022-06-21,58506.33480211,54139.69908911,4366.635713000003,3103310.27637568
2022-06-22,38633.26959451,56694.10399205,-18060.83439754,3085249.44197814
2022-06-23,37042.10157601,38390.77218772,-1348.6706117100039,3083900.77136643
2022-06-24,43281.5138012,37967.78275468,5313.731046519999,3089214.50241295
2022-06-25,14074.84948212,16958.28946243,-2883.4399803099986,3086331.06243264
2022-06-26,11553.37882917,13322.8366526,-1769.4578234300006,3084561.60460921
2022-06-27,47467.64967195,30652.47436352,16815.17530843,3101376.77991764
2022-06-28,33676.45524564,35245.66011336,-1569.20486772,3099807.57504992
2022-06-29,49333.43942118,65981.43180735,-16647.99238617,3083159.58266375
2022-06-30,54132.54426068,60921.48190467,-6788.937643990001,3076370.64501976
2022-07-01,53402.94818931,56067.42453103,-2664.476341720001,3073706.16867804
2022-07-02,15900.70932989,17983.78558304,-2083.0762531500004,3071623.09242489
2022-07-03,17587.54913273,17611.51983325,-23.97070051999981,3071599.12172437
2022-07-04,27035.75728502,27787.33223659,-751.5749515699972,3070847.5467728
2022-07-05,28210.20235821,29795.19826971,-1584.9959114999983,3069262.5508613
2022-07-06,32307.80716302,44248.88313933,-11941.07597631,3057321.47488499
2022-07-07,42067.99229842,43090.43810062,-1022.4458021999963,3056299.02908279
2022-07-08,37185.09807115,39801.85688404,-2616.758812889995,3053682.2702699
2022-07-09,14447.30426675,13372.34546714,1074.95879961,3054757.22906951
2022-07-10,17110.78396435,17046.07858304,64.70538131000285,3054821.93445082
2022-07-11,33050.50919815,31658.65561724,1391.8535809099994,3056213.78803173
2022-07-12,32226.21286034,35802.5376852,-3576.3248248599957,3052637.46320687
2022-07-13,28831.09752304,23514.72644199,5316.3710810500015,3057953.83428792
2022-07-14,25706.5936201,30790.37184522,-5083.778225120001,3052870.0560628
2022-07-15,41026.46574149,29564.50728804,11461.958453449999,3064332.01451625
2022-07-16,15085.2105257,12774.28949387,2310.921031830001,3066642.93554808
2022-07-17,26761.57081998,10805.60335307,15955.967466909999,3082598.90301499
2022-07-18,44289.31200712,43478.76535689,810.5466502300042,3083409.44966522
2022-07-19,60848.86244963,64492.89032033,-3644.027870699996,3079765.42179452
2022-07-20,31807.22453564,36506.82843139,-4699.603895749999,3075065.81789877
2022-07-21,101176.23376957,104417.3108943,-3241.07712473,3071824.74077404
2022-07-22,37517.12062215,29110.55598017,8406.564641980003,3080231.30541602
2022-07-23,14639.64677022,14317.74319754,321.90357268000116,3080553.2089887
2022-07-24,12020.13881048,17812.79965026,-5792.660839779999,3074760.54814892
2022-07-25,23428.5517031,28533.84376893,-5105.292065829999,3069655.25608309
2022-07-26,30818.61931642,30605.73347598,212.88584044000163,3069868.14192353
2022-07-27,25609.3920382,27109.17609888,-1499.7840606800019,3068368.35786285
2022-07-28,43604.8775324,36965.96364011,6638.913892290002,3075007.27175514
2022-07-29,29970.40742128,33290.14503872,-3319.7376174400015,3071687.5341377
2022-07-30,13833.97348909,12765.89867405,1068.0748150399995,3072755.60895274
2022-07-31,10628.64917095,12610.95720659,-1982.3080356399987,3070773.3009171
2022-08-01,30464.12154911,30061.29658936,402.82495974999983,3071176.12587685
2022-08-02,30327.5443039,33978.50120146,-3650.9568975600014,3067525.16897929
2022-08-03,23839.66238861,27721.64868715,-3881.9862985399996,3063643.18268075
2022-08-04,21807.17709991,17973.45810528,3833.7189946300023,3067476.90167538
2022-08-05,26050.51214753,46515.20346438,-20464.69131685,3047012.21035853
2022-08-06,14058.85290621,12454.23085476,1604.62205145,3048616.83240998
2022-08-07,14191.79496283,13395.03674335,796.7582194799998,3049413.59062946
2022-08-08,31333.09359051,27740.51838583,3592.5752046800008,3053006.16583414
2022-08-09,27305.40003535,26608.4200832,696.9799521500026,3053703.14578629
2022-08-10,33730.34599968,28213.66280226,5516.6831974199995,3059219.82898371
2022-08-11,29638.71686764,30516.05977658,-877.3429089400015,3058342.48607477
2022-08-12,24065.40704343,26543.73471163,-2478.3276681999996,3055864.15840657
2022-08-13,14746.55779148,15359.63031342,-613.072521940001,3055251.08588463
2022-08-14,12068.4955761,17664.36659684,-5595.871020739998,3049655.21486389
2022-08-15,28625.95951819,30440.4502818,-1814.4907636099997,3047840.72410028
2022-08-16,21095.32094618,20842.40708945,252.91385672999968,3048093.63795701
2022-08-17,30724.64978172,33244.29499489,-2519.645213169999,3045573.99274384
2022-08-18,24179.6634808,27367.54999674,-3187.8865159399975,3042386.1062279
2022-08-19,51810.85825253,47739.29619727,4071.562055260001,3046457.66828316
2022-08-20,13316.44727449,13342.46127638,-26.014001890000145,3046431.65579446
2022-08-21,10163.40988912,12496.89522867,-2333.4853395500013,3044098.17045491
2022-08-22,23407.010552,23090.84567552,316.1648764800011,3044414.33533139
2022-08-23,21748.76558797,20245.69973958,1503.0658483900006,3045917.40117978
2022-08-24,21435.26300506,27105.73875803,-5670.47575297,3040246.92542681
2022-08-25,21608.40369585,28120.85380027,-6512.450104420001,3033734.47532239
2022-08-26,27949.88028802,24087.59882862,3862.2814593999974,3037596.75678179
2022-08-27,16253.75810408,17670.4313111,-1416.6732070200014,3036180.08357477
2022-08-28,20088.50197305,12100.96889467,7987.533078379998,3044167.61665315
2022-08-29,30446.37936445,36248.79538534,-5802.416020890003,3038365.20063226
2022-08-30,47942.81977348,49894.51334586,-1951.6935723800052,3036413.50705988
2022-08-31,45019.69789995,30274.23275434,14745.46514561,3051158.97220549
2022-09-01,33911.32662821,33433.17585681,478.1507714000036,3051637.12297689
2022-09-02,42548.9837901,28655.89462731,13893.089162789998,3065530.21213968
2022-09-03,13135.09755289,11797.94739049,1337.1501623999993,3066867.36230208
2022-09-04,22627.18474167,22376.3954569,250.78928476999863,3067118.15158685
2022-09-05,46700.10347392,43149.34031782,3550.7631560999944,3070668.91474295
2022-09-06,55183.70057251,55832.43640788,-648.7358353699965,3070020.17890758
2022-09-07,30450.73537802,33282.40424802,-2831.6688700000013,3067188.51003758
2022-09-08,35893.09979242,34245.94673682,1647.1530555999998,3068835.66309318
2022-09-09,41701.8915052,36123.38762972,5578.503875480004,3074414.16696866
2022-09-10,18353.19295803,15224.41882422,3128.7741338099986,3077542.94110247
2022-09-11,14575.59746264,14979.8723338,-404.27487115999975,3077138.66623131
2022-09-12,27848.26761352,22483.76457155,5364.5030419700015,3082503.16927328
2022-09-13,84787.6497312,53736.42337482,31051.22635638,3113554.39562966
2022-09-14,290227.04363035,299238.92760978,-9011.883979430015,3104542.51165023
2022-09-15,116890.45711753,86246.3020902,30644.155027329994,3135186.66667756
2022-09-16,23140.12593524,26654.98264203,-3514.8567067900003,3131671.80997077
2022-09-17,16027.30143651,12396.71790466,3630.5835318500012,3135302.39350262
2022-09-18,13907.31466359,12011.58081679,1895.7338467999998,3137198.12734942
2022-09-19,33311.66434939,32498.92010314,812.7442462499966,3138010.87159567
2022-09-20,24720.82053247,24265.2346486,455.58588387000054,3138466.45747954
2022-09-21,29735.85852779,26855.30801747,2880.5505103199976,3141347.00798986
2022-09-22,31052.26927103,24107.96147484,6944.307796189998,3148291.31578605
2022-09-23,29306.67124504,25951.49265718,3355.178587860002,3151646.49437391
2022-09-24,10658.48336042,9191.65137227,1466.8319881499992,3153113.32636206
2022-09-25,16444.57768507,10056.25902729,6388.318657779999,3159501.64501984
2022-09-26,21523.80972206,26952.33472894,-5428.5250068800015,3154073.12001296
2022-09-27,36156.52496689,35196.73312398,959.7918429100027,3155032.91185587
2022-09-28,39854.28277563,34847.63070175,5006.652073880003,3160039.56392975
2022-09-29,30198.02173225,50247.16752806,-20049.145795810004,3139990.41813394
2022-09-30,31635.87526047,63358.5461124,-31722.67085193,3108267.74728201
2022-10-01,11952.61911564,17304.66081745,-5352.04170181,3102915.7055802
2022-10-02,16836.03760897,11194.07983715,5641.95777182,3108557.66335202
2022-10-03,23240.0352324,23212.68209281,27.353139590002684,3108585.01649161
2022-10-04,30259.05173671,33849.50254252,-3590.45080581,3104994.5656858
2022-10-05,23859.11925918,39285.51221991,-15426.392960730002,3089568.17272507
2022-10-06,20191.89652911,40162.54822792,-19970.65169881,3069597.52102626
2022-10-07,29029.70311296,44982.23290163,-15952.52978867,3053644.99123759
2022-10-08,12836.90211457,11502.39426019,1334.507854380001,3054979.49909197
2022-10-09,10217.66131068,10969.85342994,-752.1921192600003,3054227.30697271
2022-10-10,17522.69812245,16203.11755237,1319.580570080001,3055546.88754279
2022-10-11,47231.40738988,24587.71008652,22643.697303359997,3078190.58484615
2022-10-12,33813.12418558,23126.28499092,10686.839194660002,3088877.42404081
2022-10-13,34194.00906995,39571.95990121,-5377.950831260001,3083499.47320955
2022-10-14,31364.49891567,36142.8981919,-4778.39927623,3078721.07393332
2022-10-15,10900.16640106,9127.79910188,1772.3672991799995,3080493.4412325
2022-10-16,9332.32181486,13582.18514352,-4249.86332866,3076243.57790384
2022-10-17,22743.14809041,21770.42824015,972.7198502600004,3077216.2977541
2022-10-18,36654.59103325,73749.72716217,-37095.13612892001,3040121.16162518
2022-10-19,19446.58609096,19323.81959693,122.76649403000192,3040243.92811921
2022-10-20,23671.12151709,19400.42484385,4270.69667324,3044514.62479245
2022-10-21,21881.68556416,25778.04851223,-3896.36294807,3040618.26184438
2022-10-22,13238.79772249,11050.79123114,2188.006491350001,3042806.26833573
2022-10-23,11078.0808793,13964.7951927,-2886.7143134,3039919.55402233
2022-10-24,25376.98278569,21360.15432845,4016.8284572400007,3043936.38247957
2022-10-25,31198.92220299,33548.37753085,-2349.455327859996,3041586.92715171
2022-10-26,51306.13676501,68928.47370875,-17622.336943739996,3023964.59020797
2022-10-27,30712.71605514,28384.05347524,2328.6625798999994,3026293.25278787
2022-10-28,22166.73137658,22694.11050617,-527.379129590001,3025765.87365828
2022-10-29,19841.97143459,18759.81258055,1082.1588540400007,3026848.03251232
2022-10-30,12904.26370435,13012.05841117,-107.79470682000101,3026740.2378055
2022-10-31,32316.84201034,23595.0519246,8721.790085739998,3035462.02789124
2022-11-01,32799.06240815,31452.57414948,1346.4882586700005,3036808.51614991
2022-11-02,31936.43653499,78359.86272344,-46423.42618845,2990385.15757781
2022-11-03,28680.46007982,24660.23587848,4020.224201339999,2994405.38177915
2022-11-04,123401.35401838,48133.04498199,75268.30903639001,3069673.69081554
2022-11-05,17479.82885794,16166.4734607,1313.3553972400005,3070987.04621278
2022-11-06,22787.8698434,22798.21997534,-10.350131939998391,3070976.69608084
2022-11-07,68185.98709373,76523.2201988,-8337.233105070001,3062639.46297577
2022-11-08,74800.4328071,87676.89451121,-12876.46170411,3049763.00127166
2022-11-09,90860.06918796,112161.31104075,-21301.24185279,3028461.75941887
2022-11-10,65944.73700829,100770.44415524,-34825.70714694999,2993636.05227192
2022-11-11,56300.20566637,103971.26572003,-47671.06005366,2945964.99221826
2022-11-12,26272.87972311,55910.17571118,-29637.295988070004,2916327.69623019
2022-11-13,39736.53217846,48458.50482401,-8721.972645549999,2907605.72358464
2022-11-14,72769.42841002,75364.73622763,-2595.3078176099953,2905010.41576703
2022-11-15,59423.69056756,64278.14608881,-4854.455521249998,2900155.96024578
2022-11-16,44528.57497324,73647.55622529,-29118.981252049998,2871036.97899373
2022-11-17,35801.26789895,88119.47952417,-52318.21162522001,2818718.76736851
2022-11-18,124591.16244641,36554.9710897,88036.19135671001,2906754.95872522
2022-11-19,21436.04069383,19388.49769371,2047.5430001200002,2908802.50172534
2022-11-20,16765.11993551,20744.32833377,-3979.2083982600016,2904823.29332708
2022-11-21,39102.91735949,46470.24183646,-7367.324476970003,2897455.96885011
2022-11-22,32665.92665979,29233.3762374,3432.550422389999,2900888.5192725
2022-11-23,38674.25790084,82459.30200412,-43785.04410328001,2857103.47516922
2022-11-24,24761.33580938,24390.21385941,371.1219499700019,2857474.59711919
2022-11-25,32163.72660926,26363.97191005,5799.75469921,2863274.3518184
2022-11-26,18396.04264189,16751.44668477,1644.59595712,2864918.94777552
2022-11-27,14040.03586071,13345.23395051,694.8019101999998,2865613.74968572
2022-11-28,22066.14093203,26748.78445915,-4682.643527119999,2860931.1061586
2022-11-29,30376.16657797,24959.25233876,5416.91423921,2866348.02039781
2022-11-30,37901.64403423,38074.27276671,-172.6287324799996,2866175.39166533
2022-12-01,34775.33233746,33176.59626567,1598.736071790001,2867774.12773712
2022-12-02,26899.27005384,26585.43676732,313.8332865199991,2868087.96102364
2022-12-03,12061.08628142,15834.43843672,-3773.352155299999,2864314.60886834
2022-12-04,10232.29351913,11682.51996087,-1450.2264417400002,2862864.3824266
2022-12-05,24790.71928092,24222.10146532,568.6178155999987,2863433.0002422
2022-12-06,28184.96607823,26054.77569669,2130.19038154,2865563.19062374
2022-12-07,24449.68576485,26613.46764774,-2163.781882889998,2863399.40874085
2022-12-08,25783.86163156,25409.41223668,374.4493948800009,2863773.85813573
2022-12-09,20637.47703231,30956.29312105,-10318.81608874,2853455.04204699
2022-12-10,13599.13927034,17588.28810424,-3989.1488339000007,2849465.89321309
2022-12-11,13613.78470355,14226.37251608,-612.5878125300005,2848853.30540056
2022-12-12,25943.55718963,31450.84154379,-5507.284354160001,2843346.0210464
2022-12-13,34758.02162143,66399.66392789,-31641.642306459995,2811704.37873994
2022-12-14,30734.68228182,40373.0969387,-9638.414656879999,2802065.96408306
2022-12-15,27168.65792195,25803.57458069,1365.0833412600005,2803431.04742432
2022-12-16,27450.82036464,40930.17046922,-13479.35010458,2789951.69731974
2022-12-17,17292.48821415,23629.39136095,-6336.903146800003,2783614.79417294
2022-12-18,12027.80565269,12341.00085331,-313.19520062000083,2783301.59897232
2022-12-19,23587.07240046,23788.84852195,-201.77612148999833,2783099.82285083
2022-12-20,24430.74342925,23295.9463567,1134.7970725500018,2784234.61992338
2022-12-21,29876.59425795,28139.64039688,1736.9538610700001,2785971.57378445
2022-12-22,26717.34542413,21094.27264769,5623.07277644,2791594.64656089
2022-12-23,24327.03715553,19743.11526818,4583.921887349999,2796178.56844824
2022-12-24,11501.63348794,13516.7144746,-2015.0809866599993,2794163.48746158
2022-12-25,9617.1415,8038.45833443,1578.6831655699998,2795742.17062715
2022-12-26,12800.83435406,14184.69571734,-1383.8613632800007,2794358.30926387
2022-12-27,19688.54558564,17204.70995539,2483.8356302499997,2796842.14489412
2022-12-28,26294.81356025,21683.7888586,4611.02470165,2801453.16959577
2022-12-29,22713.18363131,26375.95394407,-3662.77031276,2797790.39928301
2022-12-30,25027.5348855,27520.62825798,-2493.093372479998,2795297.30591053
2022-12-31,20926.10636766,15906.73908813,5019.367279529999,2800316.67319006
2023-01-01,15925.11673028,9358.63632975,6566.480400530001,2806883.15359059
2023-01-02,16351.94318484,15138.98198022,1212.96120462,2808096.11479521
2023-01-03,16662.22095506,18871.77564274,-2209.5546876800036,2805886.56010753
2023-01-04,26328.1897336,21518.08363636,4810.106097240001,2810696.66620477
2023-01-05,18271.41059611,21104.21029945,-2832.799703339999,2807863.86650143
2023-01-06,18853.33539778,21878.58487079,-3025.2494730100007,2804838.61702842
2023-01-07,12043.2000337,10544.14375619,1499.0562775100007,2806337.67330593
2023-01-08,11100.00670791,9510.17571648,1589.8309914300007,2807927.50429736
2023-01-09,24262.56478716,26812.42130905,-2549.8565218900003,2805377.64777547
2023-01-10,23802.63451661,25818.761429,-2016.1269123899983,2803361.52086308
2023-01-11,20626.73340859,24111.74339343,-3485.0099848399987,2799876.51087824
2023-01-12,32822.31181625,31226.08185795,1596.2299583000022,2801472.74083654
2023-01-13,41060.05860632,41653.31833872,-593.2597323999944,2800879.48110414
2023-01-14,39595.73265848,34871.47417653,4724.258481950004,2805603.73958609
2023-01-15,16096.51604073,15230.06816842,866.4478723100001,2806470.1874584
2023-01-16,18628.79623097,22415.05959585,-3786.26336488,2802683.92409352
2023-01-17,19866.2252101,24218.70648827,-4352.481278169998,2798331.44281535
2023-01-18,27435.3486702,29007.43692907,-1572.0882588700006,2796759.35455648
2023-01-19,32703.13736608,21667.11195361,11036.02541247,2807795.37996895
2023-01-20,26851.24365454,43976.08705402,-17124.843399479996,2790670.53656947
2023-01-21,22864.6127349,18156.13911506,4708.473619840002,2795379.01018931
2023-01-22,15225.59076478,12645.17643672,2580.41432806,2797959.42451737
2023-01-23,21186.24158085,17312.00398138,3874.2375994700014,2801833.66211684
2023-01-24,17814.04870006,22151.60514179,-4337.556441730001,2797496.10567511
2023-01-25,24146.40924182,23499.91394456,646.4952972600004,2798142.60097237
2023-01-26,18407.32809273,22040.85935883,-3633.531266099999,2794509.06970627
2023-01-27,33120.8795116,30887.02538581,2233.854125789996,2796742.92383206
2023-01-28,11464.42608128,12601.56032041,-1137.1342391300004,2795605.78959293
2023-01-29,13943.48688818,13002.44343491,941.0434532700001,2796546.8330462
2023-01-30,26609.20600498,23934.192593,2675.0134119799986,2799221.84645818
2023-01-31,21265.23355222,18983.86570516,2281.3678470600025,2801503.21430524
2023-02-01,20159.24075774,18900.07508288,1259.1656748599999,2802762.3799801
2023-02-02,23373.42447664,25790.51255772,-2417.088081080001,2800345.29189902
2023-02-03,20410.8839627,23334.19718872,-2923.31322602,2797421.978673
2023-02-04,12896.80979713,14444.65205199,-1547.842254860001,2795874.13641814
2023-02-05,12844.71429892,10520.15716623,2324.557132690001,2798198.69355083
2023-02-06,16407.25045063,16697.59848968,-290.3480390500008,2797908.34551178
2023-02-07,20627.0406704,19853.2581936,773.7824768000028,2798682.12798858
2023-02-08,14911.80309198,12878.77900733,2033.02408465,2800715.15207323
2023-02-09,25401.57516969,23895.54757018,1506.027599510002,2802221.17967274
2023-02-10,28894.54470434,22460.49480597,6434.049898370002,2808655.22957111
2023-02-11,13771.77182092,11462.81847612,2308.9533448,2810964.18291591
2023-02-12,9957.06386814,10310.50804512,-353.4441769799996,2810610.73873893
2023-02-13,24502.68714006,26715.15296522,-2212.4658251600013,2808398.27291377
2023-02-14,19207.92190512,19846.20330207,-638.2813969499985,2807759.99151682
2023-02-15,29643.01639442,22397.25658133,7245.7598130900005,2815005.75132991
2023-02-16,31340.98434811,26170.59495999,5170.389388119998,2820176.14071803
2023-02-17,26046.47022807,24629.15081914,1417.3194089300014,2821593.46012696
2023-02-18,11464.37693423,14325.69371392,-2861.3167796899997,2818732.14334727
2023-02-19,11169.77459962,12658.79964485,-1489.0250452300006,2817243.11830204
2023-02-20,21207.47736428,13570.26455626,7637.21280802,2824880.33111006
2023-02-21,23351.63674231,24763.17800575,-1411.5412634400018,2823468.78984662
2023-02-22,18778.06118731,20774.57711984,-1996.515932530001,2821472.27391409
2023-02-23,21966.79735838,22415.42891373,-448.63155534999896,2821023.64235874
2023-02-24,27967.61504451,25775.35543086,2192.2596136499997,2823215.90197239
2023-02-25,12908.0708104,11633.97944585,1274.0913645500004,2824489.99333694
2023-02-26,10228.59551034,8747.35564525,1481.2398650899995,2825971.23320203
2023-02-27,20252.59978649,18477.21627783,1775.3835086599975,2827746.61671069
2023-02-28,20337.41404517,20488.93781568,-151.52377051000076,2827595.09294018
2023-03-01,32420.0202221,18881.52741459,13538.49280751,2841133.58574769
2023-03-02,17423.936904,16097.94085707,1325.9960469299986,2842459.58179462
2023-03-03,27789.2123084,30691.80278241,-2902.5904740099977,2839556.92037171
2023-03-04,11945.64579894,12455.23494871,-509.5891497699995,2839047.33122194
2023-03-05,14998.52520525,12525.9312636,2472.5939416500005,2841519.92516359
2023-03-06,25470.55835432,18036.27444155,7434.283912770003,2848954.20907636
2023-03-07,31080.57241245,34801.06480924,-3720.4923967899995,2845233.71667957
2023-03-08,25720.35728337,36365.28541064,-10644.92812727,2834588.7885523
2023-03-09,30943.11768358,26054.51590825,4888.60177533,2839477.39032763
2023-03-10,35688.85282598,43961.37155987,-8272.51873389,2831204.87159374
2023-03-11,36153.08770748,47051.59568531,-10898.507977829999,2820306.36361591
2023-03-12,25569.84126697,24279.08761581,1290.753651160001,2821597.11726707
2023-03-13,71261.04986264,47013.19475829,24247.85510434999,2845844.97237142
2023-03-14,58935.71428507,43861.38039221,15074.333892859999,2860919.30626428
2023-03-15,32263.08843343,27946.54867861,4316.539754819998,2865235.8460191
2023-03-16,27156.61708586,27663.54320344,-506.9261175799984,2864728.91990152
2023-03-17,51334.51758241,36531.93305666,14802.584525750004,2879531.50442727
2023-03-18,23464.47769396,19915.29052107,3549.1871728900005,2883080.69160016
2023-03-19,28107.50883579,17382.28182208,10725.227013709999,2893805.91861387
2023-03-20,35304.36136468,32453.90354388,2850.457820800002,2896656.37643467
2023-03-21,26837.26598239,28013.25943967,-1175.9934572800012,2895480.38297739
2023-03-22,34451.01525636,38264.06446249,-3813.049206130003,2891667.33377126
2023-03-23,28853.28648156,25837.28227962,3016.004201939999,2894683.3379732
2023-03-24,21002.11914699,25937.75334923,-4935.634202239999,2889747.70377096
2023-03-25,13496.30227721,13354.08828679,142.2139904199994,2889889.91776138
2023-03-26,11698.91972245,11377.42895754,321.4907649100005,2890211.40852629
2023-03-27,19144.78203352,23622.11109522,-4477.329061699998,2885734.07946459
2023-03-28,27001.06489327,28634.98515738,-1633.9202641100019,2884100.15920048
2023-03-29,22901.70327066,26713.95359787,-3812.2503272100003,2880287.90887327
2023-03-30,28795.77141156,42352.4519473,-13556.680535739997,2866731.22833753
2023-03-31,23080.61607114,23624.19129467,-543.5752235299988,2866187.653114
2023-04-01,13348.66237283,11991.93994792,1356.72242491,2867544.37553891
2023-04-02,10781.57359269,10112.98506078,668.5885319099998,2868212.96407082
2023-04-03,19684.31284835,18392.76219094,1291.55065741,2869504.51472823
2023-04-04,14688.99412705,15616.80337831,-927.8092512599997,2868576.70547697
2023-04-05,21707.43554116,17637.97552745,4069.4600137100024,2872646.16549068
2023-04-06,15662.65433743,13131.46354111,2531.190796319999,2875177.356287
2023-04-07,12900.60749482,13188.82970105,-288.22220622999885,2874889.13408077
2023-04-08,10117.98603186,10941.97136199,-823.985330129999,2874065.14875064
2023-04-09,8549.12348736,7111.14358674,1437.979900620001,2875503.12865126
2023-04-10,20709.86003495,17996.52517634,2713.33485861,2878216.46350987
2023-04-11,25104.2267225,24336.00251844,768.2242040599995,2878984.68771393
2023-04-12,33129.14562108,22051.04485502,11078.10076606,2890062.78847999
2023-04-13,19203.36454708,19105.48965822,97.87488885999846,2890160.66336885
2023-04-14,23276.93627223,25229.20158966,-1952.2653174299994,2888208.39805142
2023-04-15,12405.21360318,13347.91134378,-942.6977406000005,2887265.70031082
2023-04-16,11496.5335007,9582.19335361,1914.340147089999,2889180.04045791
2023-04-17,21845.11726549,17405.34156615,4439.77569934,2893619.81615725
2023-04-18,18742.95253577,18447.37390502,295.57863075000205,2893915.394788
2023-04-19,21201.53256028,20610.95144234,590.5811179400007,2894505.97590594
2023-04-20,23345.85200338,18756.09641044,4589.7555929400005,2899095.73149888
2023-04-21,34540.80634499,25445.84504102,9094.961303970002,2908190.69280285
2023-04-22,13330.80628864,11478.76290767,1852.0433809700007,2910042.73618382
2023-04-23,9321.2431795,10877.01316647,-1555.769986970001,2908486.96619685
2023-04-24,17849.75086043,17586.07474343,263.67611699999907,2908750.64231385
2023-04-25,17212.24601183,16066.23204877,1146.0139630600006,2909896.65627691
2023-04-26,22937.46671119,21372.03246714,1565.4342440500004,2911462.09052096
2023-04-27,18292.45515773,15814.62229127,2477.8328664600012,2913939.92338742
2023-04-28,16893.13673626,20573.11620365,-3679.9794673899996,2910259.94392003
2023-04-29,10050.3051225,12630.9420028,-2580.6368803000005,2907679.30703973
2023-04-30,11176.85402448,9156.35975947,2020.4942650100002,2909699.80130474
2023-05-01,17848.34425559,15445.38281197,2402.961443620001,2912102.76274836
2023-05-02,14253.08316602,19821.81479646,-5568.731630439999,2906534.03111792
2023-05-03,16760.90003319,13936.26483483,2824.635198359998,2909358.66631628
2023-05-04,18145.75612206,18820.5099285,-674.7538064399996,2908683.91250984
2023-05-05,15188.14576752,21079.04030103,-5890.89453351,2902793.01797633
2023-05-06,11181.20575672,11116.29399987,64.91175685000053,2902857.92973318
2023-05-07,6435.19495252,8195.18068666,-1759.9857341400002,2901097.94399904
2023-05-08,20267.10649076,20205.417182,61.68930876000013,2901159.6333078
2023-05-09,20530.92926514,18127.17503335,2403.7542317900006,2903563.38753959
2023-05-10,16613.94171544,16848.16088748,-234.21917204000056,2903329.16836755
2023-05-11,21808.93117868,15564.88075319,6244.050425489999,2909573.21879304
2023-05-12,22739.51015764,25461.4021277,-2721.891970059998,2906851.32682298
2023-05-13,9120.83184307,8470.01338395,650.8184591200006,2907502.1452821
2023-05-14,9764.20173345,7301.46781307,2462.7339203799993,2909964.87920248
2023-05-15,30608.84134679,46196.75181271,-15587.910465919998,2894376.96873656
2023-05-16,24705.08719233,18677.1140478,6027.9731445299985,2900404.94188109
2023-05-17,20132.02010802,18203.39688275,1928.6232252699992,2902333.56510636
2023-05-18,20434.35604093,17764.98880407,2669.367236860002,2905002.93234322
2023-05-19,15150.36594371,14750.28464128,400.0813024299987,2905403.01364565
2023-05-20,8941.50074194,7518.02130723,1423.4794347100005,2906826.49308036
2023-05-21,9398.95491273,7671.10748062,1727.8474321099993,2908554.34051247
2023-05-22,16161.43367777,14097.92007639,2063.5136013799984,2910617.85411385
2023-05-23,19348.52290951,18841.44431898,507.07859052999993,2911124.93270438
2023-05-24,20991.62976398,21076.10852978,-84.47876579999865,2911040.45393858
2023-05-25,19618.96005421,15721.30584632,3897.654207890002,2914938.10814647
2023-05-26,21167.04162798,25491.93337909,-4324.891751109997,2910613.21639536
2023-05-27,11338.09558169,10178.74026075,1159.3553209399997,2911772.5717163
2023-05-28,15530.70087394,14482.2368946,1048.4639793400002,2912821.03569564
2023-05-29,18847.34772758,21554.28032759,-2706.932600010001,2910114.10309563
2023-05-30,30934.50116495,25478.090214,5456.410950950001,2915570.51404658
2023-05-31,29074.327961,23894.97873373,5179.349227269999,2920749.86327385
2023-06-01,23682.55076523,17320.59757841,6361.953186819999,2927111.81646067
2023-06-02,30618.08128334,34253.72135883,-3635.6400754899987,2923476.17638518
2023-06-03,20195.95155183,16868.087115,3327.864436830001,2926804.04082201
2023-06-04,21223.40418639,21595.9057396,-372.50155321000057,2926431.5392688
2023-06-05,32565.28376058,43913.90084952,-11348.617088940002,2915082.92217986
2023-06-06,32037.08983986,34404.51633478,-2367.426494919997,2912715.49568494
2023-06-07,28010.65147148,38272.73658028,-10262.085108799998,2902453.41057614
2023-06-08,27785.32525076,28395.96141456,-610.636163799998,2901842.77441234
2023-06-09,25286.15273956,25257.05800632,29.094733239999186,2901871.86914558
2023-06-10,32278.0670998,34103.73816572,-1825.6710659200035,2900046.19807966
2023-06-11,42489.55572631,49108.58602729,-6619.0303009800045,2893427.16777868
2023-06-12,37271.00513135,36148.91075158,1122.094379770002,2894549.26215845
2023-06-13,32910.04823873,31611.50446203,1298.5437767000003,2895847.80593515
2023-06-14,31724.61647059,25612.76172456,6111.85474603,2901959.66068118
2023-06-15,37220.54290887,41629.45654125,-4408.913632380005,2897550.7470488
2023-06-16,40397.73826958,42786.64332175,-2388.9050521700046,2895161.84199663
2023-06-17,26872.75658998,25995.02127934,877.7353106400005,2896039.57730727
2023-06-18,32741.22224544,30726.83315205,2014.3890933900002,2898053.96640066
2023-06-19,31982.47262538,33500.40275806,-1517.9301326800014,2896536.03626798
2023-06-20,42405.73856493,45859.66461103,-3453.9260461000013,2893082.11022188
2023-06-21,59530.7652281,60471.23613185,-940.4709037499997,2892141.63931813
2023-06-22,44466.32311304,51291.79360575,-6825.470492709996,2885316.16882542
2023-06-23,44507.46156731,43717.12603771,790.3355296000009,2886106.50435502
2023-06-24,35677.26605339,34455.96843172,1221.2976216699972,2887327.80197669
2023-06-25,34430.57723902,32620.02086062,1810.5563784000005,2889138.35835509
2023-06-26,34297.46004595,31582.28072654,2715.179319409999,2891853.5376745
2023-06-27,35177.59221607,35893.18767494,-715.5954588700042,2891137.94221563
2023-06-28,30224.3805535,31241.56960682,-1017.1890533200021,2890120.75316231
2023-06-29,40797.39311041,42608.33691767,-1810.9438072600024,2888309.80935505
2023-06-30,48738.6196304,46596.53019233,2142.0894380699974,2890451.89879312
2023-07-01,34921.58783155,51277.09091969,-16355.503088140002,2874096.39570498
2023-07-02,26543.89727242,24300.40003637,2243.4972360499996,2876339.89294103
2023-07-03,31419.32499162,32931.34088944,-1512.015897819998,2874827.87704321
2023-07-04,33508.64237843,33239.46826365,269.1741147799985,2875097.05115799
2023-07-05,35278.43067993,30584.14229694,4694.288382990002,2879791.33954098
2023-07-06,36527.23835057,36242.13387787,285.10447269999713,2880076.44401368
2023-07-07,31965.21511473,35611.97573494,-3646.7606202100033,2876429.68339347
2023-07-08,27224.4995471,23827.32932792,3397.1702191799995,2879826.85361265
2023-07-09,25643.69074103,24863.63048067,780.0602603600018,2880606.91387301
2023-07-10,35450.40665149,36816.5502791,-1366.1436276100067,2879240.7702454
2023-07-11,34455.49442611,37021.13955745,-2565.6451313399957,2876675.12511406
2023-07-12,44325.15558853,33165.98978379,11159.165804739998,2887834.2909188
2023-07-13,42024.85667299,37952.76816416,4072.0885088299983,2891906.37942763
2023-07-14,42655.58168713,40440.41308739,2215.168599739998,2894121.54802737
2023-07-15,21673.63575355,22985.44149994,-1311.8057463900004,2892809.74228098
2023-07-16,22786.3316003,22474.42050752,311.9110927799993,2893121.65337376
2023-07-17,26661.13550042,26352.28734227,308.84815815000184,2893430.50153191
2023-07-18,35128.14856766,35065.01866404,63.12990361999982,2893493.63143553
2023-07-19,35315.81286346,34760.9780274,554.8348360599994,2894048.46627159
2023-07-20,28514.16957136,28371.49533705,142.6742343099977,2894191.1405059
2023-07-21,23242.27432412,22976.52725975,265.74706436999986,2894456.88757027
2023-07-22,18055.98696206,18995.68924981,-939.7022877499985,2893517.18528252
2023-07-23,19977.27224945,19600.74620474,376.52604471000086,2893893.71132723
2023-07-24,31779.33184937,32941.91813294,-1162.5862835700027,2892731.12504366
2023-07-25,27027.46254308,24391.48914198,2635.9734011,2895367.09844476
2023-07-26,31697.5665002,34294.15570292,-2596.589202719999,2892770.50924204
2023-07-27,36544.83851386,29616.50020257,6928.338311289997,2899698.84755333
2023-07-28,31513.44388626,29763.62300459,1749.820881669999,2901448.668435
2023-07-29,19785.34151891,19751.04879144,34.29272747000141,2901482.96116247
2023-07-30,19210.14437444,18476.97019874,733.1741756999982,2902216.13533817
2023-07-31,24614.83181504,26123.10934197,-1508.27752693,2900707.85781124
2023-08-01,33611.26459828,28614.85680005,4996.4077982300005,2905704.26560947
2023-08-02,29060.7490034,35698.52582142,-6637.77681802,2899066.48879145
2023-08-03,25564.23907346,27342.85804052,-1778.6189670599997,2897287.86982439
2023-08-04,23350.21404503,23983.51687953,-633.3028345000021,2896654.56698989
2023-08-05,23936.29197431,21314.89452817,2621.3974461399994,2899275.96443603
2023-08-06,21778.02386131,21145.98082911,632.0430321999993,2899908.00746823
2023-08-07,38500.95978457,32326.92070432,6174.039080249997,2906082.04654848
2023-08-08,28809.5323246,39852.0548715,-11042.522546899996,2895039.52400158
2023-08-09,30161.75527472,29165.46131394,996.2939607799999,2896035.81796236
2023-08-10,26351.27401601,28010.41404964,-1659.1400336299994,2894376.67792873
2023-08-11,26798.83496057,24852.49285215,1946.342108419998,2896323.02003715
2023-08-12,24464.03874504,21562.9906165,2901.048128540002,2899224.06816569
2023-08-13,18838.64874689,17567.00807467,1271.6406722200009,2900495.70883791
2023-08-14,27345.27522689,38811.77894264,-11466.503715749997,2889029.20512216
2023-08-15,28624.33357025,29845.0546586,-1220.7210883499974,2887808.48403381
2023-08-16,27278.33018639,26132.78094847,1145.5492379200005,2888954.03327173
2023-08-17,42288.42359056,39014.26281276,3274.1607778000034,2892228.19404953
2023-08-18,36553.71473881,38950.43160024,-2396.7168614300026,2889831.4771881
2023-08-19,20322.53616841,22746.29734269,-2423.76117428,2887407.71601382
2023-08-20,18504.3556436,19308.40621913,-804.0505755300001,2886603.66543829
2023-08-21,26798.17624527,32446.08588442,-5647.9096391500025,2880955.75579914
2023-08-22,33590.67466063,32571.02108289,1019.6535777399986,2881975.40937688
2023-08-23,39880.56674016,43420.45899581,-3539.8922556499965,2878435.51712123
2023-08-24,25364.37843616,26582.34797634,-1217.9695401799981,2877217.54758105
2023-08-25,20423.21021047,24617.0916992,-4193.88148873,2873023.66609232
2023-08-26,16560.60238968,13450.64935591,3109.95303377,2876133.61912609
2023-08-27,15916.36774985,16997.15536403,-1080.7876141800007,2875052.83151191
2023-08-28,24420.89737018,24044.30337389,376.59399628999745,2875429.4255082
2023-08-29,39881.61649366,46346.86101245,-6465.244518789994,2868964.18098941
2023-08-30,27431.42770076,28428.37653109,-996.9488303300022,2867967.23215908
2023-08-31,28004.50707031,23909.22234218,4095.2847281299983,2872062.51688721
2023-09-01,37467.73594174,26106.18815885,11361.54778289,2883424.0646701
2023-09-02,18644.74432971,18720.07670074,-75.3323710299992,2883348.73229907
2023-09-03,17930.50129932,18665.17824126,-734.6769419400007,2882614.05535713
2023-09-04,25389.26576294,21488.21350323,3901.052259709999,2886515.10761684
2023-09-05,22221.58674495,23953.94610586,-1732.359360909999,2884782.74825593
2023-09-06,27553.84913728,24665.60774108,2888.241396200003,2887670.98965213
2023-09-07,25720.36784615,26714.09020221,-993.7223560600032,2886677.26729607
2023-09-08,23784.2340593,30231.53119979,-6447.297140489998,2880229.97015558
2023-09-09,19856.75987861,18685.43657767,1171.3233009399992,2881401.29345652
2023-09-10,20128.85378018,19513.47935877,615.3744214100007,2882016.66787793
2023-09-11,30165.93014612,34213.31048368,-4047.3803375599964,2877969.28754037
2023-09-12,33626.57368877,33247.74648892,378.8271998499986,2878348.11474022
2023-09-13,24192.07514878,26478.1525429,-2286.0773941199986,2876062.0373461
2023-09-14,34443.43850734,31998.62531341,2444.8131939299965,2878506.85054003
2023-09-15,29527.1926048,32247.92398374,-2720.7313789399996,2875786.11916109
2023-09-16,17645.76822707,19691.82887535,-2046.0606482799994,2873740.05851281
2023-09-17,17479.0953247,17809.51848595,-330.4231612500007,2873409.63535156
2023-09-18,28473.23229194,28169.54430826,303.6879836799999,2873713.32333524
2023-09-19,26102.37865171,26554.40133807,-452.0226863600001,2873261.30064888
2023-09-20,24431.2748108,28117.47778648,-3686.2029756800002,2869575.0976732
2023-09-21,22841.20738708,24281.1188781,-1439.911491019997,2868135.18618218
2023-09-22,25085.75010914,20823.86454319,4261.8855659500005,2872397.07174813
2023-09-23,14648.98576503,16269.32280041,-1620.33703538,2870776.73471275
2023-09-24,19100.3376899,18290.04855708,810.2891328199985,2871587.02438139
2023-09-25,30787.89351562,31673.68108598,-885.7875703600002,2870701.23681103
2023-09-26,27361.16864553,24167.84852129,3193.320124239999,2873894.55693527
2023-09-27,27743.82935959,26278.29320193,1465.5361576600008,2875360.09309293
2023-09-28,32819.36671352,31804.80314419,1014.5635693300028,2876374.65666226
2023-09-29,23382.90346297,25002.55453876,-1619.6510757899996,2874755.00558647
2023-09-30,23595.87609684,23497.4222548,98.45384203999856,2874853.45942851
2023-10-01,22007.54241422,18597.63523079,3409.9071834299975,2878263.36661194
2023-10-02,44892.70152439,40633.31433588,4259.387188510002,2882522.75380045
2023-10-03,26358.6630094,26308.1793043,50.4837050999995,2882573.23750555
2023-10-04,32262.48004044,29060.44704985,3202.03299059,2885775.27049614
2023-10-05,27763.65112723,28459.27854126,-695.6274140299975,2885079.64308211
2023-10-06,26325.65509662,30548.4410245,-4222.785927879999,2880856.85715423
2023-10-07,20394.08136541,21403.3380268,-1009.2566613900017,2879847.60049284
2023-10-08,22853.8056932,22749.61704128,104.18865192000158,2879951.78914476
2023-10-09,27336.2594089,26728.87398879,607.3854201100003,2880559.17456487
2023-10-10,28636.12749161,29602.64206948,-966.5145778699989,2879592.659987
2023-10-11,35650.00076476,28763.36686051,6886.63390425,2886479.29389125
2023-10-12,32516.33007607,28619.89834989,3896.431726179999,2890375.72561743
2023-10-13,25528.88198679,24939.2567843,589.6252024899986,2890965.35081992
2023-10-14,18306.3559741,19526.17969404,-1219.8237199400028,2889745.52709998
2023-10-15,20760.88666436,20883.69225302,-122.80558865999774,2889622.72151132
2023-10-16,41384.61073745,45431.72612797,-4047.1153905200044,2885575.6061208
2023-10-17,31826.45698108,36447.11780093,-4620.66081985,2880991.68704034
2023-10-18,28501.23128631,31094.92071062,-2593.6894243099996,2878397.99761603
2023-10-19,29300.46527967,35552.07253659,-6251.6072569200005,2872146.39035911
2023-10-20,42303.36930759,43394.90357566,-1091.5342680699978,2871054.85609104
2023-10-21,26880.47425045,24224.44442298,2656.02982747,2873710.88591851
2023-10-22,21787.65954331,21687.57837811,100.08116520000112,2873810.96708371
2023-10-23,46612.96072036,44472.03689352,2140.9238268400004,2875951.89091055
2023-10-24,59027.34365441,53388.35771931,5638.985935099998,2881590.87684565
2023-10-25,37772.41847207,34685.19257477,3087.225897299999,2884678.10274295
2023-10-26,29975.11534363,30795.37818707,-820.2628434399994,2883857.83989951
2023-10-27,37052.54427946,37026.99035875,25.553920710000966,2883883.39382022
2023-10-28,24011.68333458,24843.13432939,-831.4509948099985,2883015.1995963
2023-10-29,24007.8972139,21260.1999642,2747.697249699999,2885762.896846
2023-10-30,34886.61181328,35772.31133076,-885.6995174800031,2884877.19732852
2023-10-31,33034.88839675,34085.6342702,-1050.745873449996,2883826.45145507
2023-11-01,37227.56331685,40558.3485865,-3330.7852696499976,2880495.66618542
2023-11-02,45722.19548537,35591.82664862,10130.36883675,2890626.03502217
2023-11-03,31409.94341995,36697.6124704,-5287.669050450004,2885338.36597172
2023-11-04,22431.0511418,21989.5935764,441.4575654,2885779.82353712
2023-11-05,25302.98605982,24276.0564884,1026.929571419998,2886806.75310854
2023-11-06,31185.87501086,28250.81058714,2935.0644237199995,2889741.81753226
2023-11-07,36590.66639965,32321.62647026,4269.039929390001,2894010.85746165
2023-11-08,26098.08027868,33649.0874736,-7551.0071949199955,2886459.85026673
2023-11-09,34030.35836059,38467.55798832,-4437.199627729999,2882022.650639
2023-11-10,57840.20161745,27743.73777964,30096.463837810003,2912119.11447681
2023-11-11,24875.66495855,25114.22380872,-238.55885016999673,2911880.55562664
2023-11-12,23335.57936259,23148.30198864,187.27737395000077,2912067.83300059
2023-11-13,27802.15021913,28397.30647677,-595.1562576400029,2911472.67674295
2023-11-14,36259.76053438,31587.9297467,4671.830787680003,2916144.50753063
2023-11-15,38656.95397904,32254.67072745,6402.283251590001,2922546.79078222
2023-11-16,26588.09309401,27711.36320004,-1123.2701060299987,2921423.52067619
2023-11-17,29553.24932035,33371.14476333,-3817.895442979996,2917605.62523321
2023-11-18,15568.57400581,14190.90534312,1377.668662689999,2918983.2938959
2023-11-19,21554.47099893,21031.8461833,522.6248156299989,2919505.91871153
2023-11-20,33344.90127401,37952.36641892,-4607.465144909998,2914898.45356662
2023-11-21,34126.08764711,41000.19826488,-6874.1106177699985,2908024.34294885
2023-11-22,35385.98113938,47171.02731225,-11785.046172870003,2896239.29677598
2023-11-23,27225.7213247,33154.89086469,-5929.169539990002,2890310.12723599
2023-11-24,38828.37392574,44160.0456281,-5331.6717023599995,2884978.45553363
2023-11-25,25644.08425323,26148.41673143,-504.33247819999815,2884474.12305543
2023-11-26,25258.59914643,29011.12221226,-3752.5230658300025,2880721.5999896
2023-11-27,36046.37753144,36096.56225163,-50.184720190001826,2880671.41526941
2023-11-28,36127.61163336,46210.40720706,-10082.795573700001,2870588.61969571
2023-11-29,34679.81399372,33213.73428541,1466.0797083100042,2872054.69940402
2023-11-30,31003.64750161,31997.69203991,-994.0445383000006,2871060.65486572
2023-12-01,43624.76683092,43311.47005824,313.29677268000523,2871373.9516384
2023-12-02,26272.00892636,28420.74061691,-2148.731690550001,2869225.21994785
2023-12-03,26496.14048292,25999.4693994,496.67108351999923,2869721.89103137
2023-12-04,51871.15262364,44321.7057926,7549.446831040004,2877271.33786241
2023-12-05,43372.41878723,50389.15851282,-7016.73972559,2870254.59813682
2023-12-06,48555.2727034,34210.83624052,14344.436462879996,2884599.0345997
2023-12-07,41288.17799804,27527.31671519,13760.86128285,2898359.89588255
2023-12-08,37677.57697918,35716.13203921,1961.4449399699952,2900321.34638634
2023-12-09,30855.32686394,26252.75241923,4602.5744447100005,2904923.92083105
2023-12-10,23543.21295055,20789.24507006,2753.967880490003,2907677.88871154
2023-12-11,50246.03372245,43253.4917332,6992.541989250007,2914670.43070079
2023-12-12,41206.81068326,34640.39822377,6566.412459490006,2921236.84316028
2023-12-13,36523.32333713,37064.742266,-541.41892887,2920695.42423141
2023-12-14,27174.87390863,30184.55687282,-3009.6829641900003,2917685.74126722
2023-12-15,30555.74913557,27898.40722346,2657.3419121100014,2920343.08317933
2023-12-16,15954.5135746,22190.62271311,-6236.109138509999,2914106.97404082
2023-12-17,16743.25302382,11689.35170583,5053.901317990001,2919160.87535881
2023-12-18,31742.32871829,31410.30767447,332.02104381999743,2919492.89640263
2023-12-19,35015.96430927,25561.86005635,9454.104252919999,2928947.00065555
2023-12-20,32447.48377653,37361.78293281,-4914.299156279998,2924032.70149927
2023-12-21,25333.6501708,30190.55937643,-4856.90920563,2919175.79229364
2023-12-22,37057.46134097,35109.91429756,1947.5470434100062,2921123.33933705
2023-12-23,19356.72762279,22113.72515054,-2756.9975277500016,2918366.3418093
2023-12-24,19215.26776368,31206.39474689,-11991.12698321,2906375.21482609
2023-12-25,32693.48625898,24380.40643429,8313.079824690001,2914688.29465078
2023-12-26,23156.47511118,26178.44966775,-3021.9745565699995,2911666.32009421
2023-12-27,38528.17469566,59274.7335052,-20746.558809539994,2890919.76128467
2023-12-28,23401.32433813,24803.18077242,-1401.856434289999,2889517.90485038
2023-12-29,26934.84588055,29927.46388416,-2992.6180036099977,2886525.28684677
2023-12-30,35200.07066787,19423.17259961,15776.898068260001,2902302.18491503
2023-12-31,28983.68070966,32576.51003976,-3592.8293301000012,2898709.35558493
2024-01-01,27857.71335187,26877.62352981,980.0898220599993,2899689.44540699
2024-01-02,42075.00438481,42658.05927207,-583.0548872599975,2899106.39051973
2024-01-03,39870.75652943,34298.85395717,5571.902572259998,2904678.29309199
2024-01-04,38460.70963035,37790.80287474,669.9067556099981,2905348.1998476
2024-01-05,36061.47438733,37647.98719707,-1586.5128097399938,2903761.68703786
2024-01-06,45643.6522566,46384.02622532,-740.3739687199995,2903021.31306914
2024-01-07,38422.03734243,42650.67596782,-4228.6386253900055,2898792.67444375
2024-01-08,40425.74392637,31038.44410921,9387.299817160001,2908179.97426091
2024-01-09,56276.99643089,42950.94714278,13326.04928811,2921506.02354902
2024-01-10,53291.02636124,39603.28437396,13687.741987280002,2935193.7655363
2024-01-11,63243.76652952,57576.00172962,5667.764799899996,2940861.5303362
2024-01-12,63831.39401766,59535.44342711,4295.950590549997,2945157.48092675
2024-01-13,27950.579954,30102.57719839,-2151.9972443900006,2943005.48368236
2024-01-14,19069.90545241,19900.49288785,-830.5874354400003,2942174.89624692
2024-01-15,32681.33156514,28978.99730687,3702.3342582700025,2945877.23050519
2024-01-16,45447.4642616,47641.65412307,-2194.189861470004,2943683.04064372
2024-01-17,44155.49579322,38718.42636167,5437.06943155,2949120.11007527
2024-01-18,47290.0701449,43688.00166749,3602.0684774099936,2952722.17855268
2024-01-19,44220.76032853,44324.38114425,-103.6208157200017,2952618.55773696
2024-01-20,24475.52847892,23151.52900737,1323.9994715499997,2953942.55720851
2024-01-21,19441.69040466,20798.28295481,-1356.5925501500024,2952585.96465836
2024-01-22,45135.94103771,43461.68205354,1674.2589841700028,2954260.22364253
2024-01-23,52912.78355817,48878.54189985,4034.2416583199956,2958294.46530085
2024-01-24,49734.55020424,45082.18680647,4652.363397769994,2962946.82869862
2024-01-25,46177.85256059,45267.78734899,910.0652115999983,2963856.89391022
2024-01-26,55623.56406492,49339.63589619,6283.928168730003,2970140.82207895
2024-01-27,24826.44109611,26230.67110793,-1404.23001182,2968736.59206713
2024-01-28,24800.90163965,23611.74448031,1189.1571593400004,2969925.74922647
2024-01-29,43501.0838548,42311.00607215,1190.0777826500052,2971115.82700912
2024-01-30,41010.19077763,54507.10787257,-13496.91709494,2957618.90991418
2024-01-31,37171.37238731,39643.60384651,-2472.2314591999966,2955146.67845498
2024-02-01,38938.79593477,37917.84572509,1020.9502096799988,2956167.62866466
2024-02-02,37394.93825176,40758.73708943,-3363.798837669994,2952803.82982699
2024-02-03,22002.63727456,22837.99338221,-835.3561076500009,2951968.47371934
2024-02-04,21837.48433556,20465.01431889,1372.4700166699986,2953340.94373601
2024-02-05,34542.54581874,32795.33225774,1747.2135609999968,2955088.15729701
2024-02-06,34169.05201127,33035.54267776,1133.5093335100028,2956221.66663052
2024-02-07,34540.19897134,38763.48668972,-4223.287718379994,2951998.37891214
2024-02-08,47451.99907736,48189.50136236,-737.5022850000023,2951260.87662714
2024-02-09,47677.01677732,49658.2785629,-1981.261785579998,2949279.61484156
2024-02-10,28226.3670937,29522.22298121,-1295.8558875100025,2947983.75895405
2024-02-11,28718.0442757,23949.157284,4768.886991699997,2952752.64594575
2024-02-12,54647.58031374,50947.57723022,3700.0030835200014,2956452.65724534
2024-02-13,39881.57821139,45502.68518774,-5621.106976349998,2950831.55026899
2024-02-14,58308.57861199,60102.12407041,-1793.5454584199979,2949038.00481057
2024-02-15,50398.53687093,50551.32598516,-152.78911422999954,2948885.21569634
2024-02-16,40171.04765294,44391.39961495,-4220.351962010005,2944664.86373433
2024-02-17,28438.46255344,28666.2259395,-227.7633860599999,2944437.10034827
2024-02-18,24762.4971238,23062.9849899,1699.5121338999998,2946136.61248217
2024-02-19,42543.38982064,46945.95843863,-4402.56861799,2941734.04386418
2024-02-20,46294.15592322,46835.20002793,-541.0441047099957,2941192.99975947
2024-02-21,42427.01292216,38290.96834424,4136.044577920002,2945329.04433739
2024-02-22,36577.86118703,36873.36946328,-295.5082762500024,2945033.53606114
2024-02-23,41684.33431631,44386.83716227,-2702.50284596,2942331.03321518
2024-02-24,30056.70823545,29852.24117077,204.46706468000048,2942535.50027986
2024-02-25,32905.53705952,31421.98868552,1483.5483740000018,2944019.04865386
2024-02-26,43275.42122412,50426.28224473,-7150.861020609998,2936868.18763325
2024-02-27,60709.1303951,57178.88869085,3530.241704250002,2940398.4293375
2024-02-28,75984.96302114,68109.42198591,7875.54103523001,2948273.97037273
2024-02-29,68516.07386206,62026.40694505,6489.666917009999,2954763.63728974
2024-03-01,71414.79714785,76883.13659693,-5468.339449079998,2949295.29784066
2024-03-02,31691.05314612,29892.21454012,1798.8386060000012,2951094.13644666
2024-03-03,30983.91536948,30247.93199446,735.9833750200014,2951830.11982168
2024-03-04,56495.56779154,52965.03954197,3530.528249570001,2955360.64807125
2024-03-05,74704.95689097,62526.12285655,12178.834034420004,2967539.48210567
2024-03-06,53800.07767636,57776.51652591,-3976.4388495500025,2963563.04325612
2024-03-07,60499.80884393,52657.00636569,7842.802478239995,2971405.84573436
2024-03-08,54686.36472567,58232.8472904,-3546.482564730002,2967859.36316963
2024-03-09,33656.60958373,35156.0513069,-1499.441723169999,2966359.92144646
2024-03-10,36083.86914384,32180.31516842,3903.55397542,2970263.47542188
2024-03-11,61910.40542698,52508.66036136,9401.745065620002,2979665.2204875
2024-03-12,51509.94706077,48123.36789326,3386.579167509997,2983051.79965501
2024-03-13,56279.12714195,58510.73286435,-2231.6057224000033,2980820.19393261
2024-03-14,55793.16028504,68115.85163019,-12322.691345149993,2968497.50258746
2024-03-15,56414.66979033,58774.75346509,-2360.083674759997,2966137.4189127
2024-03-16,35789.7568322,29566.45469704,6223.30213516,2972360.72104786
2024-03-17,39071.25656037,50365.04895138,-11293.79239101,2961066.92865685
2024-03-18,39436.90807375,38797.87655237,639.0315213799986,2961705.96017823
2024-03-19,63661.74007127,55297.17408921,8364.565982059998,2970070.52616029
2024-03-20,47393.59178572,45159.58932826,2234.0024574599956,2972304.52861775
2024-03-21,42632.98143362,42980.30486718,-347.3234335599991,2971957.20518419
2024-03-22,47572.32831686,57996.03453327,-10423.706216409999,2961533.49896778
2024-03-23,23532.48635394,24742.76601274,-1210.279658800002,2960323.21930898
2024-03-24,23762.82705716,24352.61163116,-589.7845740000012,2959733.43473498
2024-03-25,43743.16246097,47018.79733263,-3275.634871659997,2956457.79986332
2024-03-26,50154.84836708,50702.44105378,-547.5926867000017,2955910.20717662
2024-03-27,52144.97824827,49345.28422934,2799.6940189300003,2958709.90119555
2024-03-28,51422.06067928,66439.07126362,-15017.010584340002,2943692.89061121
2024-03-29,32738.00396544,30967.4361476,1770.5678178399976,2945463.45842905
2024-03-30,19435.72726775,17717.6958517,1718.031416050002,2947181.4898451
2024-03-31,18819.31141143,26889.4100861,-8070.09867467,2939111.39117043
2024-04-01,39533.88782833,48138.02371167,-8604.13588334,2930507.25528709
2024-04-02,41306.52130034,39796.74012648,1509.7811738599994,2932017.03646095
2024-04-03,33034.17100029,35598.19716638,-2564.0261660899996,2929453.01029486
2024-04-04,35344.07492234,41742.47918318,-6398.404260840005,2923054.60603402
2024-04-05,41627.84287517,37504.48633588,4123.356539289998,2927177.96257331
2024-04-06,23342.14533618,23539.84552209,-197.70018590999825,2926980.2623874
2024-04-07,22827.96956517,20717.68072215,2110.28884302,2929090.55123042
2024-04-08,35233.93305487,35131.27075578,102.66229908999958,2929193.21352951
2024-04-09,35814.94329457,31811.55703545,4003.3862591200013,2933196.59978863
2024-04-10,29280.9211635,32756.47988101,-3475.558717510001,2929721.04107112
2024-04-11,17841.98455399,19650.68936235,-1808.7048083599984,2927912.33626276
2024-04-12,34108.70526212,30251.00483489,3857.7004272299964,2931770.03668999
2024-04-13,20444.46405526,21238.80893728,-794.3448820199992,2930975.69180797
2024-04-14,17884.80436157,15910.32050458,1974.4838569900003,2932950.17566496
2024-04-15,20703.2306483,20468.55084847,234.67979982999896,2933184.85546479
2024-04-16,31205.02427182,36996.3575806,-5791.333308780002,2927393.52215601
2024-04-17,25298.12972759,23333.06693359,1965.0627940000013,2929358.58495001
2024-04-18,40567.52437717,26117.41216099,14450.112216179998,2943808.69716619
2024-04-19,27955.43320185,25798.92268099,2156.51052086,2945965.20768705
2024-04-20,6211.42380459,6743.83608335,-532.4122787599999,2945432.79540829
2024-04-21,7996.269433,6108.56141808,1887.70801492,2947320.50342321
2024-04-22,13809.65893685,17157.98839224,-3348.3294553899996,2943972.17396782
2024-04-23,18280.55337892,14521.8469281,3758.706450820002,2947730.88337836
2024-04-24,23660.40420107,14203.89573435,9456.508466719999,2957187.39184508
2024-04-25,15051.80909534,16782.15117353,-1730.3420781900004,2955457.04976689
2024-04-26,16016.68377214,18652.19206337,-2635.5082912299986,2952821.54147566
2024-04-27,14747.67803128,14270.48338324,477.1946480400002,2953298.7361237
2024-04-28,19026.43452862,14974.28810158,4052.146427040001,2957350.88255074
2024-04-29,24410.67234949,19540.81838451,4869.8539649800005,2962220.73651572
2024-04-30,32357.36854714,24684.10292894,7673.265618199999,2969894.00213392
2024-05-01,32735.92189626,29587.84048317,3148.08141309,2973042.08354701
2024-05-02,29119.74462177,27736.21398286,1383.5306389100006,2974425.61418592
2024-05-03,21309.37484123,21312.89339297,-3.5185517399986566,2974422.09563418
2024-05-04,14109.17993264,15285.1413363,-1175.9614036599996,2973246.13423052
2024-05-05,12541.47217564,9702.11130838,2839.3608672600003,2976085.49509778
2024-05-06,18387.18700382,22768.39377696,-4381.206773140002,2971704.28832464
2024-05-07,18300.23795434,18520.5265883,-220.28863396000088,2971483.99969068
2024-05-08,19549.29968806,16390.09639461,3159.203293450002,2974643.20298413
2024-05-09,19546.62714988,23118.12071439,-3571.4935645099977,2971071.70941962
2024-05-10,23093.89712533,20960.75206282,2133.1450625100006,2973204.85448213
2024-05-11,13541.87361764,13696.87975408,-155.00613644000077,2973049.84834569
2024-05-12,15454.09485482,14528.27780705,925.8170477699987,2973975.66539346
2024-05-13,27624.81886517,26200.50509441,1424.31377076,2975399.97916422
2024-05-14,19439.57616178,20086.55683992,-646.9806781399966,2974752.99848608
2024-05-15,31778.3132853,40526.48388928,-8748.170603980005,2966004.8278821
2024-05-16,25549.39033439,26059.84097358,-510.45063919000313,2965494.37724291
2024-05-17,20565.33904653,23808.78956181,-3243.450515280001,2962250.92672763
2024-05-18,13182.55754452,14618.81225291,-1436.2547083900008,2960814.67201924
2024-05-19,13769.53993198,13681.98231685,87.55761512999925,2960902.22963437
2024-05-20,24954.02682479,26135.78961313,-1181.7627883400019,2959720.46684603
2024-05-21,49365.26853876,38264.6059774,11100.662561359997,2970821.12940739
2024-05-22,31536.23430928,29667.85053735,1868.383771929999,2972689.51317932
2024-05-23,27719.685362,26733.99629331,985.6890686900006,2973675.20224801
2024-05-24,31348.56023552,26043.06129317,5305.498942349997,2978980.70119036
2024-05-25,11525.7962952,10518.64651565,1007.14977955,2979987.85096991
2024-05-26,11875.03406095,11331.97741296,543.0566479900008,2980530.9076179
2024-05-27,16587.69168744,14690.43046695,1897.2612204900015,2982428.16883839
2024-05-28,17933.04134551,20618.25432041,-2685.2129749000014,2979742.95586349
2024-05-29,21944.74408664,19180.83683327,2763.907253369998,2982506.86311686
2024-05-30,16867.14722248,26433.35611876,-9566.208896279997,2972940.65422058
2024-05-31,32433.19757965,24458.46962204,7974.727957610001,2980915.38217819
2024-06-01,12503.04803585,12060.51241826,442.5356175900015,2981357.91779578
2024-06-02,11367.15227189,10602.11914471,765.0331271800005,2982122.95092296
2024-06-03,25291.49844618,28687.22279322,-3395.724347039999,2978727.22657592
2024-06-04,19570.8065023,22325.61568831,-2754.8091860099994,2975972.41738991
2024-06-05,34754.042106,25819.08001785,8934.962088150001,2984907.37947806
2024-06-06,21077.66037308,22434.58030935,-1356.9199362699983,2983550.45954179
2024-06-07,15918.28149208,20106.93473922,-4188.6532471400005,2979361.80629465
2024-06-08,15962.96051785,9224.4537681,6738.50674975,2986100.3130444
2024-06-09,8298.26472603,8358.69672601,-60.43199997999909,2986039.88104442
2024-06-10,15763.92690324,14476.75500785,1287.17189539,2987327.05293981
2024-06-11,36411.7531,40765.88875593,-4354.135655929997,2982972.91728388
2024-06-12,26316.3026382,27648.99976931,-1332.6971311100024,2981640.22015277
2024-06-13,21396.45598772,25664.22389918,-4267.76791146,2977372.45224131
2024-06-14,25022.04117668,20408.99567851,4613.045498169999,2981985.49773948
2024-06-15,11253.20569726,9207.24475269,2045.9609445700007,2984031.45868405
2024-06-16,10815.19413629,12074.31404246,-1259.1199061700008,2982772.33877788
2024-06-17,20403.83308316,17695.80496752,2708.028115639998,2985480.36689352
2024-06-18,25156.13287587,25424.62730539,-268.49442952000027,2985211.872464
2024-06-19,20080.87502986,26610.06652164,-6529.191491780002,2978682.68097222
2024-06-20,22556.78998403,22015.85452133,540.935462700003,2979223.61643492
2024-06-21,21415.10551088,19641.74707411,1773.3584367699987,2980996.97487169
2024-06-22,10603.7003458,10546.15142543,57.548920369999905,2981054.52379206
2024-06-23,9311.84515869,8972.93477805,338.91038063999986,2981393.4341727
2024-06-24,33068.56453586,26580.94493035,6487.619605510001,2987881.05377821
2024-06-25,22604.97195497,28676.84006828,-6071.86811331,2981809.1856649
2024-06-26,29819.86367777,23783.84464177,6036.0190360000015,2987845.2047009
2024-06-27,33645.20757504,22494.76783366,11150.439741380003,2998995.64444228
2024-06-28,34393.59686509,27168.0577291,7225.539135990002,3006221.18357827
2024-06-29,12655.05653931,10017.60701999,2637.44951932,3008858.63309759
2024-06-30,10855.96509388,10432.33109335,423.6340005300008,3009282.26709812
2024-07-01,22999.80794523,22046.0291339,953.7788113300012,3010236.04590945
2024-07-02,20064.0670853,20988.08681199,-924.0197266899995,3009312.02618276
2024-07-03,20741.22971243,19000.64357823,1740.586134199999,3011052.61231696
2024-07-04,32175.29694051,27701.88758323,4473.409357280001,3015526.02167424
2024-07-05,36491.51878487,35946.32696786,545.1918170100034,3016071.21349125
2024-07-06,15796.91796877,15972.43917164,-175.5212028700007,3015895.69228838
2024-07-07,12909.28834148,10669.68544103,2239.6029004499997,3018135.29518883
2024-07-08,31502.67834573,26290.15518034,5212.523165390001,3023347.81835422
2024-07-09,24343.684324,22193.37208285,2150.312241150001,3025498.13059537
2024-07-10,26347.77934238,25911.74994382,436.0293985600001,3025934.15999393
2024-07-11,27828.2672744,22564.00755769,5264.259716709999,3031198.41971064
2024-07-12,23798.59549127,23048.73939167,749.8560996000015,3031948.27581024
2024-07-13,12959.98872735,9410.00595083,3549.9827765200007,3035498.25858676
2024-07-14,11499.78976235,10933.1105499,566.6792124499989,3036064.93779921
2024-07-15,28132.13349637,28108.08189321,24.051603159998194,3036088.98940237
2024-07-16,68848.87217639,24939.52354111,43909.348635279996,3079998.33803765
2024-07-17,19726.76390472,20093.56134351,-366.79743878999943,3079631.54059886
2024-07-18,20077.69657102,23377.63166926,-3299.935098240003,3076331.60550062
2024-07-19,22578.99094594,24891.44799285,-2312.45704691,3074019.14845371
2024-07-20,10725.57654698,9700.44973728,1025.126809700001,3075044.27526341
2024-07-21,8181.70924198,8067.92618992,113.78305206000005,3075158.05831547
2024-07-22,20894.28631443,20318.96076558,575.3255488499999,3075733.38386432
2024-07-23,40397.86426178,42773.84513353,-2375.980871749998,3073357.40299257
2024-07-24,21675.50618395,21927.91625969,-252.4100757399974,3073104.99291683
2024-07-25,31005.83775081,28607.5927449,2398.2450059099974,3075503.23792274
2024-07-26,26459.11261336,25813.83795967,645.2746536900013,3076148.51257643
2024-07-27,17288.73533042,13777.3361224,3511.3992080200005,3079659.91178445
2024-07-28,9176.04192251,7991.99626549,1184.0456570199995,3080843.95744147
2024-07-29,25411.03106997,32739.48512866,-7328.45405869,3073515.50338278
2024-07-30,21084.43622126,22798.56323248,-1714.12701122,3071801.37637156
2024-07-31,16522.2119542,17435.86907851,-913.6571243100007,3070887.71924725
2024-08-01,27188.05173743,30295.46314929,-3107.411411860001,3067780.30783539
2024-08-02,26161.75073183,23315.11041668,2846.6403151500017,3070626.94815054
2024-08-03,13501.36479875,13514.76862779,-13.403829039998527,3070613.5443215
2024-08-04,16479.79757633,17359.34058018,-879.5430038500017,3069734.00131765
2024-08-05,60764.2070374,54862.25022124,5901.956816160004,3075635.95813381
2024-08-06,32742.59898003,30337.90202715,2404.69695288,3078040.65508669
2024-08-07,34474.4202138,39296.48593232,-4822.065718520003,3073218.58936817
2024-08-08,26870.24406047,25288.80756623,1581.4364942399989,3074800.02586241
2024-08-09,30883.66954017,26437.95005558,4445.719484590001,3079245.745347
2024-08-10,10010.32452227,10573.75530939,-563.4307871199999,3078682.31455988
2024-08-11,11907.79825079,15216.15372606,-3308.35547527,3075373.95908461
2024-08-12,27403.02346304,25817.82840341,1585.1950596300012,3076959.15414424
2024-08-13,28906.87098541,18543.76538553,10363.10559988,3087322.25974412
2024-08-14,20642.66833334,21601.32166032,-958.653326980002,3086363.60641714
2024-08-15,19676.44219453,22449.41341837,-2772.9712238400025,3083590.6351933
2024-08-16,21231.37264077,28400.90350465,-7169.530863879998,3076421.10432942
2024-08-17,10509.06337368,7976.29508513,2532.768288549999,3078953.87261797
2024-08-18,11138.50966887,8786.11768758,2352.3919812900003,3081306.26459926
2024-08-19,23465.14827068,19379.77401264,4085.374258040003,3085391.6388573
2024-08-20,21606.85605499,20145.01870248,1461.8373525099996,3086853.47620981
2024-08-21,21702.74272785,22751.74474813,-1049.0020202800006,3085804.47418953
2024-08-22,23170.43288296,21272.3880874,1898.044795560003,3087702.51898509
2024-08-23,26418.15887714,29966.17096477,-3548.0120876300025,3084154.50689746
2024-08-24,17730.3562481,15549.78737579,2180.568872310001,3086335.07576977
2024-08-25,12589.6812672,13029.44892202,-439.76765481999973,3085895.30811495
2024-08-26,21661.94028306,22327.30117705,-665.3608939900005,3085229.94722096
2024-08-27,24613.4363061,21947.1708037,2666.2655024000014,3087896.21272336
2024-08-28,33322.14672916,41238.04360284,-7915.896873680002,3079980.31584968
2024-08-29,20984.91476712,20798.31133139,186.60343573000137,3080166.91928541
2024-08-30,21698.3302508,19951.5939254,1746.736325400001,3081913.65561081
2024-08-31,12096.70778524,9673.17224632,2423.5355389199995,3084337.19114973
2024-09-01,11525.69912684,11143.43899158,382.2601352599995,3084719.45128499
2024-09-02,17924.63258332,15407.58429841,2517.048284909999,3087236.4995699
2024-09-03,20346.70285863,26393.09402283,-6046.3911641999985,3081190.1084057
2024-09-04,19139.75183686,19539.54948826,-399.7976514000002,3080790.3107543
2024-09-05,20976.69263808,15820.04094034,5156.651697739999,3085946.96245204
2024-09-06,28686.30350318,28444.0369337,242.266569479998,3086189.22902152
2024-09-07,10190.45265365,12221.45101407,-2030.9983604200006,3084158.2306611
2024-09-08,14192.25880385,7265.06771721,6927.191086639999,3091085.42174774
2024-09-09,20969.46956603,27086.42615707,-6116.9565910400015,3084968.4651567
2024-09-10,46071.15481919,54103.51249469,-8032.357675500003,3076936.1074812
2024-09-11,29889.44228958,36613.33088072,-6723.888591139999,3070212.21889006
2024-09-12,26507.49232334,24407.14788764,2100.3444357000008,3072312.56332576
2024-09-13,24696.88844154,27998.01096285,-3301.1225213100006,3069011.44080445
2024-09-14,16306.40183249,17139.3109896,-832.909157109998,3068178.53164734
2024-09-15,14518.32655076,14202.83770478,315.4888459800004,3068494.02049332
2024-09-16,27163.75260702,21046.13004152,6117.622565500002,3074611.64305882
2024-09-17,23848.07739295,25094.89900378,-1246.8216108300003,3073364.82144799
2024-09-18,25746.8577771,23997.44770077,1749.4100763299975,3075114.23152432
2024-09-19,34887.88210203,32140.43375513,2747.4483469000006,3077861.67987122
2024-09-20,27598.53049419,25971.02991661,1627.5005775799982,3079489.1804488
2024-09-21,13800.69089371,11610.66527569,2190.0256180199995,3081679.20606682
2024-09-22,12436.46636844,11198.24206789,1238.2243005500004,3082917.43036737
2024-09-23,22798.3952747,24046.70430456,-1248.30902986,3081669.12133751
2024-09-24,23421.41589157,25744.86421678,-2323.44832521,3079345.6730123
2024-09-25,31378.81108352,23669.31578893,7709.49529459,3087055.16830689
2024-09-26,26782.02875,28339.10354249,-1557.0747924899988,3085498.0935144
2024-09-27,26132.53939881,34156.9572117,-8024.4178128899985,3077473.67874744
2024-09-28,14520.55159056,13228.25660182,1292.294988740001,3078765.97373618
2024-09-29,14307.92519052,11356.32363579,2951.6015547299994,3081717.57529091
2024-09-30,35378.39830962,35475.18430931,-96.78599969000061,3081620.78929122
2024-10-01,31789.93060843,26945.0839514,4844.846657030001,3086465.63594825
2024-10-02,24702.15841762,23579.7595035,1122.39891412,3087588.03486237
2024-10-03,22491.37466581,22332.75440795,158.62025785999867,3087746.65512023
2024-10-04,21880.76839584,21007.38232657,873.38606927,3088620.0411895
2024-10-05,10781.67261422,10645.57806623,136.09454799000014,3088756.13573749
2024-10-06,12856.22588118,15455.28888838,-2599.0630072000004,3086157.07273029
2024-10-07,24445.33713735,26981.90103802,-2536.5639006700003,3083620.50882962
2024-10-08,24646.33535088,27519.50586388,-2873.170513000001,3080747.33831662
2024-10-09,25364.38401665,21752.70979593,3611.6742207200004,3084359.01568371
2024-10-10,21592.70527609,20377.32815429,1215.3771218000002,3085574.39280551
2024-10-11,24937.76490267,25376.9826264,-439.21772373000204,3085135.17508178
2024-10-12,12646.55903045,13594.23384651,-947.67481606,3084187.50026572
2024-10-13,11245.62166811,10888.56875466,357.0529134499993,3084544.55317917
2024-10-14,33791.40950429,30612.98071037,3178.4287939200003,3087722.98197309
2024-10-15,35851.22644034,42353.2770502,-6502.050609860002,3081220.93136323
2024-10-16,38227.95845513,32985.60284779,5242.355607339996,3086463.28697057
2024-10-17,26158.24566087,29034.06990424,-2875.8242433699997,3083587.4627272
2024-10-18,33629.12532284,38066.03204255,-4436.906719710001,3079150.55600749
2024-10-19,14279.01503652,13596.80441915,682.2106173700013,3079832.76662486
2024-10-20,12605.57634766,11207.28095298,1398.2953946800008,3081231.06201954
2024-10-21,27634.69766177,28522.14071995,-887.4430581800007,3080343.61896136
2024-10-22,26785.81284194,28729.17035431,-1943.3575123699993,3078400.26144899
2024-10-23,30977.74891419,30046.09263365,931.656280539999,3079331.91772953
2024-10-24,21683.96017051,22876.43207918,-1192.4719086699988,3078139.44582086
2024-10-25,30356.39022356,42109.28640594,-11752.896182380002,3066386.54963848
2024-10-26,17260.99678309,13835.31325677,3425.683526319999,3069812.2331648
2024-10-27,13667.93275623,12556.64055094,1111.2922052900012,3070923.52537009
2024-10-28,32402.86040153,38332.04440326,-5929.184001729998,3064994.34136836
2024-10-29,48861.97368147,45092.83803674,3769.1356447299986,3068763.47701309
2024-10-30,35711.87944179,41234.99281915,-5523.113377360001,3063240.36363573
2024-10-31,40335.71230802,36651.13603507,3684.5762729500057,3066924.93990868
2024-11-01,36101.44449892,30975.40476465,5126.039734269998,3072050.97964295
2024-11-02,14145.78667639,14100.53539868,45.25127771000007,3072096.23092066
2024-11-03,18367.85936137,18192.95037798,174.90898338999978,3072271.13990405
2024-11-04,30438.96974423,23906.24957252,6532.72017171,3078803.86007576
2024-11-05,44546.96844544,30993.53423146,13553.43421398,3092357.29428974
2024-11-06,63107.62318077,69273.17814868,-6165.55496791,3086191.73932183
2024-11-07,40553.04065602,49012.92974303,-8459.88908701,3077731.85023482
2024-11-08,53734.87759788,64629.10559621,-10894.227998330003,3066837.62223649
2024-11-09,21294.80517891,20931.21710055,363.5880783600005,3067201.21031485
2024-11-10,34542.113408,33900.32459277,641.7888152300002,3067842.99913008
2024-11-11,47863.68091427,45119.78608402,2743.8948302499994,3070586.89396033
2024-11-12,69480.99651903,65152.24668419,4328.749834839997,3074915.64379517
2024-11-13,52355.42603467,53433.23442058,-1077.8083859099934,3073837.83540926
2024-11-14,55141.22869237,62195.26450795,-7054.035815579999,3066783.79959368
2024-11-15,44770.28623742,46119.19790044,-1348.9116630200006,3065434.88793066
2024-11-16,25210.47695025,23607.88905956,1602.5878906899998,3067037.47582135
2024-11-17,21227.14440609,16653.69075372,4573.453652370001,3071610.92947372
2024-11-18,41565.26292859,42955.63930911,-1390.376380520007,3070220.5530932
2024-11-19,42279.00806119,44386.30481587,-2107.296754679999,3068113.25633852
2024-11-20,39955.14010398,53254.70487814,-13299.564774160004,3054813.69156436
2024-11-21,55714.98075017,60148.6076774,-4433.626927230005,3050380.06463713
2024-11-22,67089.13855067,58927.39282761,8161.745723060005,3058541.81036019
2024-11-23,33896.50219019,33753.85341893,142.64877126000647,3058684.45913145
2024-11-24,29553.66521087,29641.09345333,-87.42824245999873,3058597.03088899
2024-11-25,45322.59868929,42081.91816056,3240.680528729994,3061837.71141772
2024-11-26,54303.76877225,63106.10440888,-8802.33563663,3053035.37578109
2024-11-27,41788.19146568,53788.118161,-11999.926695319999,3041035.44908577
2024-11-28,30303.22666942,43648.49557807,-13345.268908649996,3027690.18017712
2024-11-29,30009.45597977,39289.84100373,-9280.38502396,3018409.79515316
2024-11-30,22354.33220727,22644.45209822,-290.1198909500017,3018119.67526221
2024-12-01,24106.17273985,18983.09359778,5123.079142070001,3023242.75440428
2024-12-02,37838.00394082,44289.23625288,-6451.232312059998,3016791.52209222
2024-12-03,42897.76027614,45600.51319763,-2702.752921490006,3014088.76917073
2024-12-04,39624.77860505,43387.7622841,-3762.9836790499976,3010325.78549168
2024-12-05,58444.7112441,66017.70518409,-7572.993939989996,3002752.79155169
2024-12-06,43756.20590006,46136.49806761,-2380.292167550004,3000372.49938414
2024-12-07,25799.712075,20673.15871425,5126.55336075,3005499.05274489
2024-12-08,21987.19338274,20881.23336285,1105.9600198900007,3006605.01276478
2024-12-09,60367.18074196,56328.75251758,4038.4282243800044,3010643.44098916
2024-12-10,42728.36463665,43018.64063249,-290.27599583999836,3010353.16499332
2024-12-11,43243.05665335,49508.11992959,-6265.063276239998,3004088.10171708
2024-12-12,28113.88524217,29973.64526176,-1859.7600195900013,3002228.34169749
2024-12-13,27933.12499344,35571.59571705,-7638.470723609997,2994589.87097388
2024-12-14,16377.66342576,18987.18174443,-2609.5183186699996,2991980.35265521
2024-12-15,19230.61836381,17621.12540097,1609.4929628400023,2993589.84561805
2024-12-16,39136.45070226,41181.89327936,-2045.4425771000024,2991544.40304095
2024-12-17,32150.15545998,34323.55861806,-2173.40315808,2989370.99988287
2024-12-18,36510.27004242,47427.75046524,-10917.480422820001,2978453.5207126
2024-12-19,42175.17973865,34789.88263372,7385.297104929996,2985838.81781753
2024-12-20,55099.6896371,49586.55381369,5513.135823409997,2991351.95364094
2024-12-21,19329.27164776,19489.5970126,-160.32536483999866,2991191.6282761
2024-12-22,20361.60114811,19426.41726235,935.1838857599978,2992126.81216186
2024-12-23,37524.45324059,35182.24064506,2342.21259553,2994469.02475739
2024-12-24,56991.20230122,30228.61782132,26762.5844799,3021231.60923729
2024-12-25,21252.93073332,22421.56441768,-1168.6336843600002,3020062.97555293
2024-12-26,28666.31319072,36114.36332385,-7448.0501331299965,3012614.9254198
2024-12-27,35312.66595895,43325.50812248,-8012.842163530004,3004602.08325627
2024-12-28,16692.13394067,18027.15100272,-1335.0170620499994,3003267.06619422
2024-12-29,18254.94352398,24161.40795546,-5906.464431479999,2997360.60176274
2024-12-30,33175.19620056,53130.71127548,-19955.515074919997,2977405.08668782
2024-12-31,29585.82726528,61813.82935986,-32228.00209458,2945177.08459324
2025-01-01,24910.46620094,28227.85741886,-3317.391217919998,2941859.69337532
2025-01-02,32198.28884388,31796.80458522,401.4842586599989,2942261.17763398
2025-01-03,28738.7494404,23210.26200679,5528.48743361,2947789.66506759
2025-01-04,15774.75650014,17244.3805902,-1469.6240900599987,2946320.04097753
2025-01-05,17597.36121899,15650.10002389,1947.2611951000017,2948267.30217263
2025-01-06,35275.52023596,38139.89393652,-2864.373700559998,2945402.92847207
2025-01-07,33170.09875076,37124.75252963,-3954.6537788700007,2941448.2746932
2025-01-08,34281.54427781,33474.8603922,806.6838856100003,2942254.95857881
2025-01-09,33811.46883865,33324.67477182,486.7940668299998,2942741.75264564
2025-01-10,33606.49106683,31926.36727571,1680.1237911200005,2944421.87643676
2025-01-11,18467.33238749,18987.93194159,-520.5995540999975,2943901.27688266
2025-01-12,17539.94710334,14838.96963764,2700.9774657,2946602.25434836
2025-01-13,31104.79352184,27110.41379769,3994.3797241500033,2950596.63407251
2025-01-14,35766.11803115,31878.92944542,3887.1885857300003,2954483.82265824
2025-01-15,35357.2270621,29497.35933515,5859.86772695,2960343.69038519
2025-01-16,32820.84586959,35852.31978682,-3031.4739172300033,2957312.21646796
2025-01-17,36741.12663529,51737.30178237,-14996.17514708,2942316.04132088
2025-01-18,26066.05153564,25162.30229417,903.7492414699991,2943219.79056235
2025-01-19,32483.27004117,27413.43005848,5069.839982689999,2948289.63054504
2025-01-20,45099.16000609,38782.06705279,6317.092953300002,2954606.72349834
2025-01-21,34062.00021437,37874.87689743,-3812.87668306,2950793.84681528
2025-01-22,32195.24050709,32608.9407985,-413.7002914100012,2950380.14652387
2025-01-23,32910.52821275,36388.11762832,-3477.5894155699934,2946902.5571083
2025-01-24,28688.42277012,30714.45513573,-2026.0323656100009,2944876.52474269
2025-01-25,18373.82543597,18193.7055884,180.11984757000027,2945056.64459026
2025-01-26,17629.77155058,18436.35686512,-806.5853145399997,2944250.05927572
2025-01-27,41516.28280604,40558.2065345,958.0762715399978,2945208.13554726
2025-01-28,28645.10195887,27698.4169144,946.6850444699994,2946154.82059173
2025-01-29,24847.53522561,24096.22779998,751.3074256300024,2946906.12801736
2025-01-30,29870.4331306,30569.6461121,-699.2129815000008,2946206.91503586
2025-01-31,29599.23287228,33295.63819245,-3696.405320170001,2942510.50971569
2025-02-01,18973.63648863,20103.40256013,-1129.766071500002,2941380.74364419
2025-02-02,28231.54848171,24712.20121618,3519.3472655299993,2944900.09090972
2025-02-03,48899.6027966,47415.9279799,1483.6748166999969,2946383.76572642
2025-02-04,32798.71421062,44625.76102154,-11827.046810920001,2934556.7189155
2025-02-05,37014.85485225,55081.7003371,-18066.845484850004,2916489.87343065
2025-02-06,33577.87421164,32807.79566965,770.0785419900058,2917259.95197264
2025-02-07,30927.04014497,31474.51516271,-547.4750177399983,2916712.4769549
2025-02-08,21286.85359707,22591.80089611,-1304.947299039999,2915407.52965586
2025-02-09,21435.66870902,18793.37397564,2642.2947333800003,2918049.82438924
2025-02-10,36339.25006111,36710.7451461,-371.4950849900051,2917678.32930425
2025-02-11,32360.60156651,30064.90521961,2295.6963469,2919974.02565115
2025-02-12,27472.43340275,26758.9820502,713.4513525500006,2920687.4770037
2025-02-13,30266.10954328,25044.80819322,5221.301350059999,2925908.77835376
2025-02-14,29399.92125358,32227.8302503,-2827.9089967200016,2923080.86935704
2025-02-15,16374.10143606,16086.65581592,287.44562014000076,2923368.31497718
2025-02-16,16662.78671578,17815.30177675,-1152.5150609699995,2922215.79991621
2025-02-17,23449.08838415,22138.71808275,1310.3703013999984,2923526.17021761
2025-02-18,26885.20985958,23249.56977268,3635.6400869000026,2927161.81030451
2025-02-19,33457.96828729,29729.14195237,3728.8263349200024,2930890.63663943
2025-02-20,24429.86551081,30193.70816312,-5763.842652310002,2925126.79398712
2025-02-21,38425.6891104,31581.97818626,6843.710924140003,2931970.50491126
2025-02-22,19506.62939126,30890.06341373,-11383.434022469999,2920587.07088879
2025-02-23,12601.71397137,13354.21115468,-752.4971833100008,2919834.57370548
2025-02-24,24017.84333929,21179.65636733,2838.18697196,2922672.76067744
2025-02-25,56768.89736407,43670.96572652,13097.931637549998,2935770.69231499
2025-02-26,50988.16779438,47057.93876928,3930.2290251000013,2939700.92134009
2025-02-27,36329.3848353,37133.14836921,-803.7635339100016,2938897.15780618
2025-02-28,47215.65148552,42629.27277612,4586.3787094,2943483.53651558
2025-03-01,23232.20482319,23297.63101056,-65.42618736999793,2943418.11032821
2025-03-02,22870.37940712,27415.83530139,-4545.455894270002,2938872.65443394
2025-03-03,36240.31136382,35756.99519689,483.3161669300025,2939355.97060087
2025-03-04,30724.08611543,29200.97733872,1523.1087767099998,2940879.07937758
2025-03-05,23897.78216459,23433.9498994,463.83226519000164,2941342.91164277
2025-03-06,26054.3568912,24842.79026468,1211.5666265200016,2942554.47826929
2025-03-07,30071.92690382,26218.29074447,3853.6361593500005,2946408.11442864
2025-03-08,12378.01410008,12257.70255015,120.31154993000018,2946528.42597857
2025-03-09,15628.79702198,14530.60863995,1098.1883820300009,2947643.55820062
2025-03-10,33273.79426686,27779.30070856,5494.493558300001,2953138.05175892
2025-03-11,33557.66572017,31876.39094026,1681.2747799099998,2954819.32653883
2025-03-12,24919.21448682,22618.29169438,2300.92279244,2957120.24933127
2025-03-13,20929.51676372,19047.39111874,1882.1256449799985,2959002.37497625
2025-03-14,23592.23813984,24148.55603875,-556.3178989100015,2958446.05707734
2025-03-15,11464.14650698,12411.65645754,-947.509950560001,2957498.54712678
2025-03-16,11653.26884719,11135.92333222,517.3455149700003,2958015.89264175
2025-03-17,21840.64370565,23125.49450189,-1284.85079624,2956731.04184551
2025-03-18,20233.1394288,18171.24491296,2061.894515840002,2958792.93636135
2025-03-19,23288.29517224,27546.76294821,-4258.467775969999,2954534.46858538
2025-03-20,28813.0004758,29166.55682727,-353.55635147000066,2954180.91223391
2025-03-21,20423.36959842,19637.87986484,785.4897335799978,2954966.40196749
2025-03-22,9314.8316537,10079.65392648,-764.8222727800003,2954201.57969471
2025-03-23,9108.93894907,9317.3439127,-208.40496363000057,2953993.17473108
2025-03-24,23819.21509794,32567.1931234,-8747.978025460001,2945245.19670562
2025-03-25,26351.50237715,30361.82864814,-4010.326270990001,2941234.87043463
2025-03-26,30478.31312934,32708.39436759,-2230.0812382500008,2939004.78919638
2025-03-27,20342.98982498,22235.43581996,-1892.4459949800003,2937112.3432014
2025-03-28,31722.38830684,31478.24278453,244.14552230999834,2937356.48872371
2025-03-29,17582.85125701,19529.42221383,-1946.57095682,2935409.91776689
2025-03-30,26911.1822472,25087.37804935,1823.8041978499969,2937233.72196474
2025-03-31,34822.59726888,39341.92314786,-4519.325878979995,2932714.39608576
2025-04-01,26353.61418241,27879.81922437,-1526.2050419599982,2931188.1910438
2025-04-02,33030.00716067,33745.83304315,-715.8258824799996,2930472.36516132
2025-04-03,40069.01965325,36665.40355002,3403.6161032300006,2933875.98126455
2025-04-04,34344.24816405,38984.19839313,-4639.950229080001,2929236.03103547
2025-04-05,21042.52081968,17872.45697046,3170.0638492200014,2932406.09488469
2025-04-06,29441.26176683,22939.65473194,6501.607034889999,2938907.70191958
2025-04-07,52360.0415159,49686.6303609,2673.4111549999943,2941581.11307458
2025-04-08,36742.23764031,33516.68997654,3225.5476637699976,2944806.66073835
2025-04-09,35322.11725513,35138.59899226,183.51826286999858,2944990.17900122
2025-04-10,28170.70675808,29891.7994243,-1721.09266622,2943269.086335
2025-04-11,31718.71894177,31539.84259119,178.87635057999796,2943447.96268558
2025-04-12,18170.22038647,17998.627898,171.5924884699998,2943619.55517405
2025-04-13,17718.92141153,16483.57538572,1235.3460258099985,2944854.90119986
2025-04-14,26046.93815913,30327.58003506,-4280.6418759299995,2940574.25932393
2025-04-15,23103.59893371,25886.62256405,-2783.0236303400015,2937791.23569359
2025-04-16,25369.00999293,28668.05587377,-3299.04588084,2934492.18981275
2025-04-17,32005.74188229,33614.16084332,-1608.4189610300018,2932883.77085172
2025-04-18,20448.27249837,19062.52996339,1385.7425349799996,2934269.5133867
2025-04-19,14868.40753539,14777.80146388,90.60607151000113,2934360.11945821
2025-04-20,14814.95558857,15953.02594078,-1138.0703522100011,2933222.049106
2025-04-21,24901.55174253,27778.18871771,-2876.636975180001,2930345.41213082
2025-04-22,38605.0177008,37389.3546524,1215.6630484000052,2931561.07517922
2025-04-23,30017.06602335,35572.86174649,-5555.795723140003,2926005.27945608
2025-04-24,35083.59518217,38099.7958608,-3016.200678629997,2922989.07877745
2025-04-25,28458.04608661,43558.10877363,-15100.062687020003,2907889.01609043
2025-04-26,17499.20075414,19247.80729951,-1748.6065453699994,2906140.40954506
2025-04-27,15287.90480775,12770.96650182,2516.93830593,2908657.34785099
2025-04-28,23745.05369378,24316.97748805,-571.923794270002,2908085.42405672
2025-04-29,26034.62704891,27614.70689106,-1580.0798421500003,2906505.34421457
2025-04-30,23624.81997547,24378.65146973,-753.8314942600009,2905751.51272031
2025-05-01,27812.25025868,28482.62070534,-670.3704466599993,2905081.14227365
2025-05-02,28865.32561615,37567.69579395,-8702.3701778,2896378.77209585
2025-05-03,14811.45742869,13867.45340563,944.0040230600007,2897322.77611891
2025-05-04,12748.38279358,12495.8502635,252.53253007999956,2897575.30864899
2025-05-05,24709.51956846,26055.80028537,-1346.2807169100015,2896229.02793208
2025-05-06,23260.4889357,29690.94563613,-6430.456700430001,2889798.57123165
2025-05-07,32912.9081576,37275.95368071,-4363.045523109999,2885435.52570854
2025-05-08,40188.34421501,37830.07170963,2358.2725053800023,2887793.79821392
2025-05-09,36686.00335789,41410.14413515,-4724.140777260007,2883069.65743666
2025-05-10,15697.68100393,18721.38042451,-3023.69942058,2880045.95801608
2025-05-11,17720.77913618,18714.99564531,-994.2165091299976,2879051.74150695
2025-05-12,34536.05219617,36062.57840884,-1526.5262126700036,2877525.21529428
2025-05-13,24207.48704083,25540.73217133,-1333.2451304999995,2876191.97016378
2025-05-14,27635.93732073,28917.93653339,-1281.9992126599973,2874909.97095112
2025-05-15,36040.32923553,40445.60231114,-4405.273075609999,2870504.69787551
2025-05-16,24576.12995632,29615.68102835,-5039.551072030001,2865465.14680348
2025-05-17,16549.13521341,17884.83454392,-1335.6993305099968,2864129.44747297
2025-05-18,16772.47187667,17190.54069897,-418.06882229999974,2863711.37865067
2025-05-19,27264.91792201,29665.04081939,-2400.122897379999,2861311.25575329
2025-05-20,30238.49989994,30870.73797269,-632.2380727499985,2860679.01768054
2025-05-21,34204.18930491,38141.09553956,-3936.9062346499995,2856742.11144589
2025-05-22,42579.09372431,38555.17556147,4023.9181628399965,2860766.02960873
2025-05-23,37028.10917811,38507.95724017,-1479.8480620600021,2859286.18095474
2025-05-24,15719.72891097,18657.23322214,-2937.5043111699997,2856738.33937718
2025-05-25,15482.92191875,16413.11031984,-930.1884010900012,2855808.15097609
2025-05-26,21889.58307164,20985.79222022,903.7908514200026,2856711.94182751
2025-05-27,32477.17910551,32461.00008123,16.179024280001613,2856728.12085179
2025-05-28,28885.53886013,29851.63254777,-966.093687640001,2855762.02716415
2025-05-29,27530.06569134,28705.68480039,-1175.6191090499997,2854586.4080551
2025-05-30,27459.32630186,32398.79629682,-4939.46999496,2849646.93806014
2025-05-31,15973.65264473,15356.76910092,616.8835438099995,2850263.82160395
2025-06-01,14528.61373608,13901.318616,627.2951200799998,2850891.11672403
2025-06-02,24623.08626147,28687.15068061,-4064.064419139999,2846827.05230489
2025-06-03,26462.75509569,40187.33411783,-13724.579022140002,2833102.47328275
2025-06-04,24199.50923387,33468.34287758,-9268.833643709997,2823833.63963904
2025-06-05,29939.90839478,31652.32557218,-1712.4171774000024,2822121.22246164
2025-06-06,27008.65570242,26687.1920964,321.46360602000277,2822442.68606766
2025-06-07,15494.17423667,14264.73753222,1229.4367044499995,2823672.12277211
2025-06-08,13571.64196455,10712.33774099,2859.3042235599987,2826531.42699567
2025-06-09,23841.01976515,28682.84884743,-4841.829082280001,2821689.59791339
2025-06-10,27223.82934316,28765.46320504,-1541.63386188,2820147.96405151
2025-06-11,20855.22794507,22668.86278398,-1813.6348389099985,2818334.3292126
2025-06-12,19210.53167746,21585.12612629,-2374.594448830001,2815959.73476377
2025-06-13,26877.2772581,24713.08589848,2164.1913596199993,2818123.92612339
2025-06-14,13166.90551322,12423.25786323,743.64764999,2818867.57377338
2025-06-15,12866.56230001,14624.47344438,-1757.9111443700003,2817109.66262901
2025-06-16,23461.07794343,23851.00159114,-389.9236477100021,2816719.7389813
2025-06-17,19664.54019599,20848.41543227,-1183.8752362800005,2815535.86374502
2025-06-18,21652.41415004,20551.23560436,1101.178545679999,2816637.0422907
2025-06-19,14261.26196438,14256.73898822,4.522976160000326,2816641.56526686
2025-06-20,19335.69769945,18578.99505856,756.7026408899983,2817398.26790775
2025-06-21,11754.69982966,11362.35876068,392.3410689800003,2817790.60897673
2025-06-22,19789.80938135,16284.2199166,3505.5894647500027,2821296.19844148
2025-06-23,18505.59944559,23395.86883378,-4890.269388190001,2816405.92905329
2025-06-24,19104.5041134,18205.43464762,899.0694657799977,2817304.99851907
2025-06-25,20134.94410458,21645.52865202,-1510.5845474399976,2815794.41397163
2025-06-26,20556.02609841,21852.78608185,-1296.7599834400025,2814497.65398819
2025-06-27,25871.62423202,32769.35334708,-6897.729115060003,2807599.92487313
2025-06-28,11276.89036634,13150.32747246,-1873.43710612,2805726.48776701
2025-06-29,9512.93845773,10669.23650028,-1156.298042549999,2804570.18972446
2025-06-30,19125.953169,25774.98020723,-6649.0270382300005,2797921.16268623
2025-07-01,14689.12515948,15921.68761813,-1232.5624586499998,2796688.60022758
2025-07-02,23983.66261427,27040.89976448,-3057.2371502099995,2793631.36307737
2025-07-03,18073.11376086,18450.32402713,-377.2102662699981,2793254.1528111
2025-07-04,18566.88349627,17264.069856,1302.8136402700002,2794556.96645137
2025-07-05,8860.12952635,9614.9558543,-754.8263279500006,2793802.14012342
2025-07-06,11745.75070959,11843.26962533,-97.51891574000001,2793704.62120768
2025-07-07,16144.09738531,19672.66644089,-3528.5690555799993,2790176.0521521
2025-07-08,15300.18912506,19481.32588049,-4181.1367554299995,2785994.91539667
2025-07-09,20183.92796534,23593.91367043,-3409.985705089999,2782584.92969158
2025-07-10,29895.40901329,31257.39941747,-1361.99040418,2781222.9392874
2025-07-11,36364.1985363,32422.5569536,3941.6415826999983,2785164.5808701
2025-07-12,13251.16600007,11655.39984518,1595.7661548899996,2786760.34702499
2025-07-13,14223.5270923,12260.41495685,1963.112135450001,2788723.45916044
2025-07-14,38392.76436522,32501.5017726,5891.262592619998,2794614.72175306
2025-07-15,51472.34176554,28985.45524943,22486.886516109997,2817101.60826917
2025-07-16,32237.93190484,31471.70388725,766.2280175899978,2817867.83628676
2025-07-17,32504.04501576,36617.94078166,-4113.895765900001,2813753.94052086
2025-07-18,35587.18145132,36245.11654786,-657.9350965400008,2813096.00542432
2025-07-19,14378.3281659,21667.65379303,-7289.32562713,2805806.67979719
2025-07-20,18513.61502039,17952.76011633,560.854904060001,2806367.53470125
2025-07-21,31130.1716915,31160.46731156,-30.295620060001966,2806337.23908119
2025-07-22,27726.39550791,25938.20867799,1788.1868299200032,2808125.42591111
2025-07-23,25300.73374735,24944.78208745,355.9516599000017,2808481.37757101
2025-07-24,33646.14698258,28063.58180185,5582.565180730002,2814063.94275174
2025-07-25,61078.94664576,39110.35089391,21968.59575185,2836032.53850359
2025-07-26,15331.62159542,16192.81075707,-861.1891616499997,2835171.34934194
2025-07-27,12968.88393339,13721.05007996,-752.1661465699999,2834419.18319537
2025-07-28,23297.88838222,33065.79350908,-9767.905126860001,2824651.27806851
2025-07-29,21927.75926175,28822.86118556,-6895.101923809998,2817756.1761447
2025-07-30,22089.96410076,27665.87099103,-5575.906890269998,2812180.26925443
2025-07-31,22959.50168095,25088.35415668,-2128.85247573,2810051.4167787
2025-08-01,34249.31798268,28416.97248942,5832.345493259996,2815883.76227196
2025-08-02,11781.21229093,10285.79358886,1495.4187020699992,2817379.18097403
2025-08-03,10846.43090941,11375.63392476,-529.20301535,2816849.97795868
2025-08-04,29980.80516948,26923.37492857,3057.430240910002,2819907.40819959
2025-08-05,19172.88534678,17769.65319062,1403.2321561600002,2821310.64035575
2025-08-06,21646.76224803,20263.53653283,1383.225715200002,2822693.86607095
2025-08-07,19988.33314999,23465.40092898,-3477.06777899,2819216.79829196
2025-08-08,24453.67678316,26733.15775519,-2279.48097203,2816937.31731993
2025-08-09,15265.44373912,13334.19852622,1931.2452129000012,2818868.56253283
2025-08-10,14505.94346071,14150.86328909,355.0801716199985,2819223.64270445
2025-08-11,28452.77163596,23970.67780797,4482.09382799,2823705.73653244
2025-08-12,22163.77674635,23136.03786794,-972.2611215899997,2822743.80064345
2025-08-13,29097.12072458,35259.22596952,-6162.105244939998,2816581.69539851
2025-08-14,30216.70498768,32137.42938633,-1920.7243986499998,2814660.97099986
2025-08-15,38002.86059978,35777.63266846,2225.227931319998,2816886.19893118
2025-08-16,20932.80863504,21393.09097102,-460.2823359799986,2816425.9165952
2025-08-17,12809.39327506,12713.0332859,96.35998916000062,2816522.27658436
2025-08-18,21248.42779284,26796.43514654,-5548.007353699999,2810974.26923066
2025-08-19,29103.16382095,23247.70859958,5855.455221370001,2816829.72445203
2025-08-20,23252.45553792,19634.14315245,3618.312385469999,2820448.0368375
2025-08-21,23535.24364233,25365.17384718,-1829.930204850003,2818618.10663265
2025-08-22,31728.56797505,28825.62834155,2902.9396334999983,2821521.04626615
2025-08-23,19543.37847276,19622.96924397,-79.59077121000155,2821441.45549494
2025-08-24,26864.7958243,20031.55009375,6833.245730549999,2828274.70122549
2025-08-25,27388.74709105,25752.18129246,1636.5657985899998,2829911.26702408
2025-08-26,24366.05840347,24100.12090901,265.9374944600022,2830177.20451854
2025-08-27,20680.84180226,21804.93634785,-1124.09454559,2829053.10997295
2025-08-28,20372.17890093,20048.50710694,323.6717939900009,2829376.78176694
2025-08-29,30353.24400935,36955.61421578,-6602.370206429998,2822774.41156051
2025-08-30,16879.81072041,16911.41620634,-31.605485929998395,2822742.80607458
2025-08-31,17625.62901934,13575.89886297,4049.7301563699984,2826792.53623095
2025-09-01,22452.08664584,21221.91564171,1230.171004130003,2828022.70723508
2025-09-02,24758.25872091,27946.12168116,-3187.8629602500005,2824834.84427483
2025-09-03,19906.83538257,22686.42975806,-2779.59437549,2822055.24989934
2025-09-04,36790.57277995,44168.9699841,-7378.397204149995,2814676.85269519
2025-09-05,44395.02335675,45609.5654944,-1214.5421376499944,2813462.31055754
2025-09-06,32584.6807753,32281.93002381,302.75075148999895,2813765.06130903
2025-09-07,22798.30222137,22777.0610122,21.24120916999891,2813786.3025182
2025-09-08,34094.06605576,29358.93019951,4735.135856249999,2818521.43837445
2025-09-09,36845.86781837,41969.15224514,-5123.284426769998,2813398.15394768
2025-09-10,33484.35083251,32644.07851943,840.2723130799968,2814238.42626076
2025-09-11,29003.91111347,33825.17292199,-4821.261808520001,2809417.16445224
2025-09-12,26269.78909709,27636.84158299,-1367.0524858999997,2808050.11196634
2025-09-13,15543.31694781,16772.02936185,-1228.7124140399992,2806821.3995523
2025-09-14,15257.24336988,17322.55744283,-2065.314072949999,2804756.08547935
2025-09-15,25323.89346702,30359.47609984,-5035.582632820002,2799720.50284653
2025-09-16,22340.33946972,22851.50463057,-511.1651608500033,2799209.33768568
2025-09-17,19223.31901266,23004.74583185,-3781.426819190001,2795427.91086649
2025-09-18,22148.41991934,22735.63226415,-587.2123448099992,2794840.69852168
2025-09-19,21574.15308055,29963.7189003,-8389.565819749998,2786451.13270193
2025-09-20,11345.96861616,17781.80300058,-6435.834384419999,2780015.29831751
2025-09-21,14799.80532444,14639.95680608,159.84851836000053,2780175.14683587
2025-09-22,26359.74229437,26556.74302958,-197.00073521000013,2779978.14610066
2025-09-23,28958.40161408,33968.82646242,-5010.424848340001,2774967.72125232
2025-09-24,23788.36206232,29401.53528265,-5613.173220329998,2769354.54803199
2025-09-25,30549.05209342,28960.52143652,1588.5306568999986,2770943.07868889
2025-09-26,32337.27647119,47789.99965145,-15452.72318026,2755490.35550863
2025-09-27,10034.20270789,11748.82020318,-1714.61749529,2753775.73801334
2025-09-28,10625.79439643,10133.98129008,491.81310634999863,2754267.55111969
2025-09-29,24172.96357131,23999.60607631,173.3574950000002,2754440.90861469
2025-09-30,24123.90774395,40268.93040477,-16145.02266082,2738295.88595387
2025-10-01,27490.12304928,32158.52066751,-4668.397618230003,2733627.48833564
2025-10-02,25045.14326786,30371.32368196,-5326.180414099999,2728301.30792154
2025-10-03,30786.17924762,33712.43419244,-2926.2549448200007,2725375.05297672
2025-10-04,13108.91722641,12006.17141335,1102.745813059999,2726477.79878978
2025-10-05,26761.55254179,20713.57133204,6047.98120975,2732525.77999953
2025-10-06,36312.8995541,37748.46968202,-1435.5701279200002,2731090.20987161
2025-10-07,28676.4942805,33313.90307856,-4637.408798059998,2726452.80107355
2025-10-08,25502.07861245,27316.72296179,-1814.6443493400002,2724638.15672421
2025-10-09,26741.69330535,31694.48897761,-4952.795672259999,2719685.36105195
2025-10-10,32283.39118552,32780.21052493,-496.8193394100017,2719188.54171254
2025-10-11,35958.23353486,32649.91843719,3308.3150976700017,2722496.85681021
2025-10-12,14614.93074482,16905.08978206,-2290.1590372400005,2720206.69777297
2025-10-13,18372.09382463,20570.13225303,-2198.0384283999992,2718008.65934457
2025-10-14,32266.66764006,33454.74367636,-1188.0760362999972,2716820.58330827
2025-10-15,24803.42304968,43340.13219459,-18536.709144909997,2698283.87416336
2025-10-16,27411.71819553,27847.62394916,-435.9057536299988,2697847.96840973
2025-10-17,36063.65498105,32822.00221751,3241.652763539998,2701089.62117327
2025-10-18,14327.29775452,12602.76517437,1724.5325801499985,2702814.15375342
2025-10-19,12126.91365877,12891.98866855,-765.075009780001,2702049.07874364
2025-10-20,21362.76184844,22179.41862589,-816.6567774499999,2701232.42196619
2025-10-21,37044.85921364,36859.92410394,184.93510969999625,2701417.35707589
2025-10-22,27403.49510669,28943.66869776,-1540.1735910700008,2699877.18348482
2025-10-23,28993.73639277,28045.47962399,948.2567687800001,2700825.4402536
2025-10-24,27898.06491861,27568.24174475,329.8231738600007,2701155.26342746
2025-10-25,14726.92677396,14417.94270785,308.98406611000064,2701464.24749357
2025-10-26,21401.3807566,21151.62137082,249.7593857799984,2701714.00687935
2025-10-27,31013.10157983,36590.00862612,-5576.907046289998,2696137.09983306
2025-10-28,32610.83249845,37466.88665417,-4856.054155719998,2691281.04567734
2025-10-29,24042.01532058,26828.27123816,-2786.255917579998,2688494.78975976
2025-10-30,36635.98218316,30992.68602867,5643.296154489999,2694138.08591425
2025-10-31,32735.16164389,31348.11234644,1387.0492974499975,2695525.1352117
2025-11-01,16611.8742399,16631.96310646,-20.088866559999587,2695505.04634514
2025-11-02,11710.23042433,12310.29807978,-600.0676554499987,2694904.97868969
2025-11-03,31850.50499079,36215.41329781,-4364.908307020003,2690540.07038267
2025-11-04,48368.29905913,38257.59781737,10110.701241759998,2700650.77162443
2025-11-05,34180.7028904,34869.71922512,-689.0163347199996,2699963.49827489
2025-11-06,21205.83803514,23167.34441397,-1961.5063788299994,2698001.99189606
2025-11-07,21523.52296414,23597.36344301,-2073.840478869999,2695928.15141719
2025-11-08,8120.78219757,8067.07318647,53.70901109999977,2695981.86042829
2025-11-09,7040.90955131,8888.08845932,-1847.1789080100007,2694134.68152028
2025-11-10,23795.75762049,16527.89140143,7267.866219060001,2701402.54773934
2025-11-11,20336.46957366,20881.12602784,-544.6564541799999,2700857.89128516
2025-11-12,15427.22031695,16488.90875962,-1061.6884426699999,2699796.20284249
2025-11-13,32051.614056,29190.16003582,2861.4540201799973,2702657.65686267
2025-11-14,48777.46595565,46751.04818393,2026.41777172,2704684.07463439
2025-11-15,13887.57378548,9829.37764354,4058.1961419400013,2708742.27077633
2025-11-16,20034.59995541,14453.15209034,5581.447865070002,2714323.7186414
2025-11-17,44748.99322398,37676.22298837,7072.770235609998,2721396.48887701
2025-11-18,37169.74642302,59674.98342784,-22505.237004820003,2698891.25187219
2025-11-19,36029.42045905,40066.59560414,-4037.1751450899974,2694854.0767271
2025-11-20,35223.11383375,31062.1399762,4160.973857550001,2699015.05058465
2025-11-21,61067.65185643,52088.63408823,8979.0177682,2707994.06835285
2025-11-22,18099.06256047,17647.89518423,451.1673762399987,2708445.23572909
2025-11-23,13202.49840409,14088.70989366,-886.2114895699997,2707559.02423952
2025-11-24,34921.53072048,32287.07150957,2634.4592109099976,2710193.48345043
2025-11-25,18420.32433439,21438.33484805,-3018.0105136599996,2707175.47293677
2025-11-26,24188.91284388,24557.21113165,-368.2982877700015,2706807.174649
2025-11-27,26494.59768182,26032.90048604,461.6971957800015,2707268.87184478
2025-11-28,26166.16133849,25051.94435287,1114.2169856200017,2708383.0888304
2025-11-29,7250.60099939,10428.60949008,-3178.00849069,2705205.08033971
2025-11-30,12206.09920891,10689.29566675,1516.8035421599998,2706721.88388187
2025-12-01,30301.48902166,30916.55941819,-615.0703965300017,2706106.81348534
2025-12-02,21550.35225823,30147.35033495,-8596.99807672,2697509.81540862
2025-12-03,34582.8001618,32414.13031801,2168.6698437899977,2699678.48525241
2025-12-04,21740.71510667,24052.39665732,-2311.6815506500025,2697366.80370176
2025-12-05,21743.96843891,29467.38037253,-7723.411933619998,2689643.39176814
2025-12-06,8951.1099957,11606.30857498,-2655.1985792799987,2686988.19318886
2025-12-07,8299.51034234,7294.73908494,1004.7712573999997,2687992.96444626
2025-12-08,13902.05438855,15724.23081433,-1822.1764257800005,2686170.78802048
2025-12-09,18752.65622048,20478.10748883,-1725.4512683499997,2684445.33675213
2025-12-10,18869.1040046,22925.34128228,-4056.2372776799966,2680389.09947445
2025-12-11,27041.35443502,30627.26108609,-3585.9066510699995,2676803.19282338
2025-12-12,25155.336529,25368.02973461,-212.6932056100013,2676590.49961777
2025-12-13,10463.31884743,9315.72203564,1147.596811790001,2677738.09642956
2025-12-14,10689.7503225,9905.54943045,784.2008920499993,2678522.29732161
2025-12-15,27908.92311587,23388.07912321,4520.84399266,2683043.14131427
2025-12-16,28774.04499334,26470.67732844,2303.367664900001,2685346.50897917
2025-12-17,31697.8262567,30686.59168757,1011.2345691299997,2686357.7435483
2025-12-18,30298.7807993,25837.47506488,4461.305734419999,2690819.04928272
2025-12-19,26111.57608412,25927.58642473,183.98965938999754,2691003.03894211
2025-12-20,9974.80942334,9672.94161992,301.8678034200002,2691304.90674553
2025-12-21,9256.06171223,9464.48725933,-208.4255471000015,2691096.48119843
2025-12-22,17884.35316154,16460.16364579,1424.1895157500003,2692520.67071418
2025-12-23,23137.46099518,27245.13201806,-4107.67102288,2688412.9996913
2025-12-24,22824.17300688,20123.47833764,2700.694669239998,2691113.69436054
2025-12-25,12893.63955581,14549.210434,-1655.5708781900012,2689458.12348235
2025-12-26,23343.98408663,20487.51353251,2856.470554120002,2692314.59403647
2025-12-27,9994.64468966,11390.06967579,-1395.4249861300013,2690919.16905034
2025-12-28,9694.88451023,7901.65708567,1793.2274245600001,2692712.3964749
2025-12-29,31391.75280911,32943.47025407,-1551.7174449600025,2691160.67902994
2025-12-30,21639.28416894,26749.52220872,-5110.238039780001,2686050.44099016
2025-12-31,32061.31992685,43365.16337802,-11303.84345117,2674746.59753899
2026-01-01,15488.64229028,16536.0194878,-1047.3771975199998,2673699.22034147
2026-01-02,22292.15511806,24911.66014779,-2619.5050297300004,2671079.71531174
2026-01-03,9256.89136704,8658.20804602,598.6833210200002,2671678.39863276
2026-01-04,9700.55466851,9697.15005015,3.4046183600003133,2671681.80325112
2026-01-05,25931.8951548,31132.39379468,-5200.498639879999,2666481.30461124
2026-01-06,24087.81044647,24219.96238341,-132.15193693999754,2666349.1526743
2026-01-07,27001.19652283,27098.8799241,-97.68340127000192,2666251.46927303
2026-01-08,24239.3238749,24316.94928153,-77.6254066299989,2666173.8438664
2026-01-09,35291.46231829,32188.74578812,3102.7165301700043,2669276.56039657
2026-01-10,26451.24102908,26941.97807806,-490.7370489800014,2668785.82334759
2026-01-11,25622.22503262,24069.45965954,1552.7653730800012,2670338.58872067
2026-01-12,26575.85940573,29084.95073992,-2509.0913341900014,2667829.49738648
2026-01-13,28730.44241254,35987.22280954,-7256.780396999999,2660572.71698948
2026-01-14,32671.97346804,43579.58630837,-10907.612840330003,2649665.10414915
2026-01-15,24466.27210196,26298.01261649,-1831.74051453,2647833.36363462
2026-01-16,23353.66137159,21675.18658362,1678.4747879699971,2649511.83842259
2026-01-17,9089.773908,10827.10924636,-1737.3353383600006,2647774.50308423
2026-01-18,8546.97367946,8310.56704261,236.4066368499989,2648010.90972108
2026-01-19,15129.57985427,13915.17739341,1214.4024608599993,2649225.31218194
2026-01-20,32998.08729772,23775.61331412,9222.473983599997,2658447.78616554
2026-01-21,31165.19739864,21885.94334257,9279.25405607,2667727.04022161
2026-01-22,26543.12887226,24585.80894145,1957.319930810001,2669684.36015242
2026-01-23,20725.07175648,21895.51158572,-1170.43982924,2668513.92032318
2026-01-24,8600.12545405,8815.55359336,-215.42813931000092,2668298.49218387
2026-01-25,12836.43653232,11537.32165223,1299.1148800899991,2669597.60706396
2026-01-26,19432.7598469,21756.85492114,-2324.095074239998,2667273.51198972
2026-01-27,22823.53955568,17841.23636589,4982.30318979,2672255.81517951
2026-01-28,23638.86848978,23848.65421478,-209.7857249999979,2672046.02945451
2026-01-29,29709.02129482,26210.10380095,3498.917493869998,2675544.94694838
2026-01-30,36291.53657795,32135.03930957,4156.497268380001,2679701.44421676
2026-01-31,43884.8823743,34842.41768414,9042.464690160006,2688743.90890692
2026-02-01,31519.55876086,28787.07381346,2732.4849474000002,2691476.39385432
2026-02-02,38795.78448311,40101.85021449,-1306.0657313799966,2690170.32812294
2026-02-03,49240.36342587,47854.20780995,1386.1556159199972,2691556.48373886
2026-02-04,54491.66161778,46913.80485679,7577.856760990006,2699134.34049985
2026-02-05,78364.57434059,63713.34709817,14651.227242419998,2713785.56774227
2026-02-06,54178.67593311,69251.48000768,-15072.804074570005,2698712.7636677
2026-02-07,21885.74142273,21384.84655291,500.89486982000017,2699213.65853752
2026-02-08,12622.90748176,15332.35727574,-2709.4497939800003,2696504.20874354
2026-02-09,35237.15637833,45565.94361345,-10328.787235119999,2687446.8037384
2026-02-10,27052.82449314,29559.1754009,-2506.3509077599992,2684940.45283064
2026-02-11,30590.7628373,26729.53241414,3861.230423159999,2688801.6832538
2026-02-12,34451.32300695,32840.7590962,1610.5639107499956,2690412.24716455
2026-02-13,31429.34582574,32984.2415447,-1554.8957189600005,2688857.35144559
2026-02-14,15990.26986327,10736.42859924,5253.841264029999,2694111.19270962
2026-02-15,10669.13007333,12725.09112284,-2055.9610495100005,2692055.23166011
2026-02-16,15611.67190999,15975.86347447,-364.1915644799992,2691691.04009563
2026-02-17,22991.94721867,19114.19264323,3877.7545754400016,2695568.79467107
2026-02-18,17616.69182625,25441.03779966,-7824.34597341,2687744.44869766
2026-02-19,21432.75021959,18551.70026471,2881.04995488,2690625.49865254
2026-02-20,35752.57187828,31428.18286315,4324.389015130004,2694949.88766767
2026-02-21,8200.6840255,9504.18179147,-1303.4977659699998,2693646.3899017
2026-02-22,9589.94201742,10190.62214032,-600.6801228999993,2693045.7097788
2026-02-23,23193.27006242,22372.32317613,820.9468862899994,2693866.65666509
2026-02-24,28787.39985127,28508.30242858,279.09742269000344,2694145.75408778
2026-02-25,22078.85480405,27021.95217389,-4943.097369840001,2689202.65671794
2026-02-26,25256.37890976,29657.65168888,-4401.272779120001,2684801.38393882
2026-02-27,21699.95413193,19934.13751861,1765.8166133199993,2686567.20055214
2026-02-28,11285.51290593,12241.2633311,-955.7504251700011,2685611.45012697
2026-03-01,11587.91383867,12028.6476813,-440.73384263000116,2685170.71628434
2026-03-02,24641.8842577,29670.16391216,-5028.279654459999,2680142.43662988
2026-03-03,27894.14970591,30644.79047341,-2750.640767500001,2677391.79586238
2026-03-04,32277.04654296,64314.58016477,-32037.53362181,2645354.26224057
2026-03-05,29707.87391038,33835.66683126,-4127.7929208800015,2641226.46931969
2026-03-06,23627.46759293,24958.60870816,-1331.1411152300025,2639895.32820446
2026-03-07,15454.34537514,15334.11794691,120.22742822999862,2640015.55563269
2026-03-08,7995.65368796,6870.04442873,1125.6092592300001,2641141.16489192
2026-03-09,25654.05981775,27092.44415514,-1438.3843373900017,2639702.78055453
2026-03-10,28509.63728835,32883.25211214,-4373.614823789998,2635329.16573074
2026-03-11,25998.93087989,32587.28207128,-6588.35119139,2628740.81453935
2026-03-12,17916.77949528,26248.76639779,-8331.986902510002,2620408.82763684
2026-03-13,19962.92158558,25575.94523822,-5613.02365264,2614795.8039842
2026-03-14,8170.00041655,6138.90674222,2031.0936743300008,2616826.89765853
2026-03-15,9694.11818786,12388.87523321,-2694.7570453499993,2614132.14061318
2026-03-16,31582.08629677,28669.60228184,2912.48401493,2617044.62462811
2026-03-17,21353.09960218,21367.98454983,-14.884947649999958,2617029.73968046
2026-03-18,24685.72235554,27619.4216389,-2933.699283359998,2614096.0403971
2026-03-19,21108.52488853,22669.27994809,-1560.7550595600005,2612535.28533754
2026-03-20,20328.06986843,20543.91913461,-215.849266180001,2612319.43607136
2026-03-21,7040.32023594,6371.6914841,668.6287518400004,2612988.0648232
2026-03-22,9659.06788733,18701.5365805,-9042.46869317,2603945.59613003
2026-03-23,21239.24371403,17309.61047243,3929.6332416000005,2607875.22937163
2026-03-24,26139.94009765,21901.54661791,4238.39347974,2612113.62285137
2026-03-25,26306.64815007,34134.44835982,-7827.800209750003,2604285.82264162
2026-03-26,22313.29486867,18713.58060129,3599.714267380001,2607885.536909
2026-03-27,29570.31521937,28056.58340561,1513.7318137600014,2609399.26872276
2026-03-28,12781.02659474,9332.12690239,3448.89969235,2612848.16841511
2026-03-29,12624.9037948,14153.94689328,-1529.0430984799987,2611319.12531663
2026-03-30,34288.32615166,30274.74967426,4013.5764774000017,2615332.70179403
2026-03-31,28710.51162576,28668.29639671,42.215229049998015,2615374.91702308
2026-04-01,24349.17534017,29231.84886904,-4882.67352887,2610492.24349421
2026-04-02,25201.69883391,25237.03035583,-35.33152192000125,2610456.91197229
2026-04-03,14930.91928739,15101.31655759,-170.397270200001,2610286.51470209
2026-04-04,7637.84980541,8276.89437568,-639.0445702699999,2609647.47013182
2026-04-05,7612.55181978,7180.24368826,432.30813151999973,2610079.77826334
2026-04-06,18733.62334853,18263.24541942,470.37792910999997,2610550.15619245
2026-04-07,26328.80871394,25022.88245345,1305.9262604899995,2611856.08245294
2026-04-08,22845.30410128,25347.19595604,-2501.8918547600006,2609354.19059818
2026-04-09,18107.90420384,22358.47952078,-4250.575316940001,2605103.61528124
2026-04-10,19647.30864212,24153.88531047,-4506.576668350001,2598095.08319066
2026-04-11,7284.88541066,9565.16927653,-2280.2838658699993,2596111.30188396
2026-04-12,8236.3872821,8114.81676771,121.57051439000043,2596441.37045871
2026-04-13,24363.24365271,31065.89095723,-6702.64730452,2590128.49523226
2026-04-14,44907.30220129,52855.6151871,-7948.31298581,2583475.626404
2026-04-15,28926.89819824,37444.75790729,-8517.859709049997,2575155.93119076
2026-04-16,18831.26833906,22822.24042009,-3990.9720810299987,2572239.96502913
2026-04-17,31417.88656103,30567.73566182,850.1508992100025,2574735.14716385
2026-04-18,9236.4153525,10267.81851955,-1031.403167049999,2574047.50587559
2026-04-19,13723.15777273,10753.26992616,2969.88784657,2577308.0543577
2026-04-20,45723.80324298,51920.31501489,-6196.511771910002,2572960.23321019
2026-04-21,20658.36644168,23041.99603713,-2383.629595450002,2571263.28769133
2026-04-22,23001.1607403,27289.1464847,-4287.985744399997,2567301.58771249
2026-04-23,29287.11746307,32722.99072909,-3435.8732660200003,2564188.78149616
2026-04-24,30051.22159255,25039.02607394,5012.1955186099985,2569529.6582598
2026-04-25,8761.6220783,17181.92042983,-8420.298351529998,2561262.9377904
2026-04-26,7313.50932311,7347.72478702,-34.215463909999926,2561317.22149926
2026-04-27,28375.63484239,17585.12456107,10790.510281320003,2572447.82843314
2026-04-28,20263.64017592,18618.23070133,1645.4094745900002,2574608.5480115
2026-04-29,21571.10736697,22418.44473888,-847.3373719099982,2576334.12165337
2026-04-30,19857.36859124,17024.71295795,2832.65563329,2579624.7875959
2026-05-01,13927.34766352,17397.77843328,-3470.4307697599997,2576500.34075753
2026-05-02,7616.3390257,9576.93971434,-1960.60068864,2578275.32696771
2026-05-03,6481.22384791,7979.91003448,-1498.6861865700002,2576844.11808828
2026-05-04,25684.59054637,32144.79653708,-6460.205990710001,2570607.98580229
2026-05-05,21954.05494077,26922.48275821,-4968.427817440002,2571391.13114965
2026-05-06,26218.69186271,25133.70614676,1084.9857159499988,2594026.05016978
2026-05-07,20951.88706677,25662.77588235,-4710.888815580001,2591383.05210139
2026-05-08,21585.80527991,25055.32041713,-3469.515137219998,2591688.93103495
2026-05-09,8699.16895535,11927.12969308,-3227.96073773,2591952.23916542
2026-05-10,9961.86583876,11468.57179138,-1506.7059526199992,2590615.97223734
2026-05-11,22740.57388644,20511.61446352,2228.959422920001,2593070.12221594
2026-05-12,20725.64672725,18429.91133277,2295.7353944800016,2595993.45296942
2026-05-13,27191.61304763,26716.38655995,475.22648768,2597786.60788354
2026-05-14,31518.85214269,33397.36147791,-1878.509335220002,2596864.7698465
2026-05-15,27193.26862205,27855.68176526,-662.4131432100003,2596953.91081648
2026-05-16,8144.43958195,10238.68219667,-2094.2426147200013,2595087.82798101
2026-05-17,8208.70629934,8675.07200291,-466.3657035699998,2594731.44074922
2026-05-18,24537.2604306,19311.81223125,5225.448199349998,2600162.87832752
2026-05-19,21697.52490961,21065.63503438,631.889875230001,2604372.8938418
2026-05-20,19530.00479916,17144.91048117,2385.0943179899987,2609228.09589044
2026-05-21,13977.80327863,14283.5118321,-305.7085534700018,2609247.73986608
2026-05-22,20291.8488127,20257.10456971,34.744242989996565,2611943.84570705
2026-05-23,12824.36326591,13007.23387492,-182.8706090100004,2612102.51941576
2026-05-24,12356.58798061,10003.84899162,2352.7389889900005,2614631.59370168
2026-05-25,13122.07529901,15164.34303775,-2042.26773874,2614338.9763808
2026-05-26,20696.10359184,20263.74433695,432.35925489000147,2617326.95212545
2026-05-27,25815.14756592,21552.35124731,4262.796318609999,2621787.97663413
2026-05-28,30894.41992157,24283.41227162,6611.007649949999,2630449.18518797
2026-05-29,22547.62670265,24917.30587157,-2369.67916892,2629873.0503031
2026-05-30,13017.60259291,12120.68963448,896.912958429999,2630989.31258312
2026-05-31,8291.62284592,7659.06534848,632.5574974399997,2631828.55750833
2026-06-01,36257.28146684,32742.38001447,3514.9014523700025,2639145.10613171
2026-06-02,43870.74116982,33356.99860504,10513.742564780005,2649929.56334832
2026-06-03,37230.07866964,37417.35579473,-187.27712508999684,2650243.91074614
2026-06-04,43172.0947556,39243.78595636,3928.3087992400033,2654609.24078909
2026-06-05,48497.93991206,51402.54529633,-2904.6053842699985,2652045.60239638
2026-06-06,16017.31821767,18418.54778841,-2401.229570740001,2649840.44722179
2026-06-07,12807.56401879,13143.98603291,-336.4220141199985,2649714.34936158
2026-06-08,32083.11414853,35707.43141139,-3624.317262860004,2646556.6957395
2026-06-09,23590.56818497,21192.92062577,2397.6475592000024,2649259.26159837
2026-06-10,19553.19579859,18696.14500756,857.0507910300003,2650601.13253104
2026-06-11,21732.72169902,21855.54283062,-122.82113160000154,2651105.57611883
2026-06-12,18857.64274084,22815.51334218,-3957.870601339997,2647487.736623
2026-06-13,6142.90295876,7271.79291092,-1128.8899521600006,2646751.31599715
2026-06-14,8056.2935422,9222.34057996,-1166.0470377600004,2645870.61349152
2026-06-15,19097.29038176,23566.20418651,-4468.913804749998,2641738.15128588
2026-06-16,19615.7529826,22577.06006102,-2961.3070784200027,2640846.07032967
2026-06-17,17071.61976216,18819.7389683,-1748.1192061399997,2643606.34600749
2026-06-18,19693.5182754,19113.63634778,579.8819276200011,2644652.56166953
2026-06-19,11636.78737826,13601.62988525,-1964.8425069900004,2645617.46734757
2026-06-20,10538.02224893,11921.5129013,-1383.490652370001,2647450.89792309
2026-06-21,7572.11533682,22698.78867402,-15126.673337200002,2632467.03835707
2026-06-22,21661.11207489,20006.25724054,1654.8548343500006,2634607.7455676
2026-06-23,21143.45864716,24502.89519591,-3359.43654875,2635474.4823145
2026-06-24,31339.73106235,30614.76165308,724.969409270001,2637809.16100745
2026-06-25,38197.76678087,38156.71280252,41.05397834999894,2645000.88627005
2026-06-26,40196.30789278,38643.56018935,1552.7477034300027,2648137.35934602
2026-06-27,12245.71548224,15950.33782169,-3704.6223394499993,2647425.89253813
2026-06-28,9989.71172857,15874.76654961,-5885.054821039999,2646431.76286409
2026-06-29,27454.2689682,27057.41378323,396.85518496999794,2652065.25189434
2026-06-30,28656.15939508,31022.01820617,-2365.858811089998,2651910.55851155
2026-07-01,22743.55614116,23298.96760286,-555.4114617000014,2652736.88621034
2026-07-02,29809.78831737,29364.01608996,445.77222740999787,2654793.67924002
2026-07-03,19840.1964635,20622.00457222,-781.8081087200007,2654381.03002121
2026-07-04,9892.37322932,8872.3963506,1019.9768787199991,2656147.05634187
2026-07-05,13149.21102499,8918.29916616,4230.911858829999,2663007.37528529
2026-07-06,23639.46020296,28675.49959026,-5036.039387299999,2658697.82978594
2026-07-07,23043.23007998,26989.83141693,-3946.6013369499997,2655441.5992885
2026-07-08,14532.46767747,15557.23047585,-1024.7627983799994,2654811.86159565
2026-07-09,13967.03386622,13952.53260509,14.501261129998966,2655465.00499707
2026-07-10,19747.2424813,22956.13271687,-3208.890235570001,2652603.86839331
2026-07-11,7438.77046022,8905.15190778,-1466.3814475600002,2651439.47654384
2026-07-12,7199.75068198,6618.37603151,581.3746504700002,2652154.64989621
2026-07-13,24191.74233056,17143.45630234,7048.286028219998,2659494.7591045
2026-07-14,23061.32992423,21993.32767045,1068.0022537800032,2661194.57716996
2026-07-15,23389.48583651,24220.44901488,-830.9631783699988,2663776.57484766
2026-07-16,12726.8602032,16747.83581536,-4020.9756121599985,2660187.53363315
2026-07-17,16245.39826067,21757.0974515,-5511.699190830002,2655104.66210775
2026-07-18,7924.09603665,10690.66560216,-2766.569565509999,2652536.3452546
2026-07-19,10329.87106374,8840.42951304,1489.4415506999994,2654180.49949789
2026-07-20,17796.52085551,25920.42080041,-8123.8999449,2650004.36044654
2026-07-21,28432.84163185,31983.441707,-3550.6000751500032,2646860.10430487
2026-07-22,20423.99722429,21014.98741503,-590.9901907399981,2649847.57187052
2026-07-23,19486.67645009,21629.58944504,-2142.912994950002,2648456.51409198
2026-07-24,16515.8143849,17439.45956178,-923.6451768799998,2653687.25439471
2026-07-25,10958.98017701,13496.35093622,-2537.37075921,2651341.82770224
2026-07-26,7596.06559913,13079.36363831,-5483.29803918,2651640.27580417
2026-07-27,22528.13363179,21378.11694621,1150.016685579998,2653084.77323366
2026-07-28,15215.52384634,22033.40152132,-6817.87767498,2646553.66161413
2026-07-29,20090.33995148,18233.04061237,1857.299339109999,2654863.10966702
2026-07-30,29896.30816885,23210.77808855,6685.530080299999,2663166.94552206
2026-07-31,29918.09988141,29142.74789755,775.3519838599968,2665034.48305072
2026-08-01,12912.31932778,11959.58629495,952.7330328299995,2666330.4000509
2026-08-02,16666.76111603,10739.27597172,5927.48514431,2675995.78317044
2026-08-03,21792.74742542,21173.75331122,618.9941141999989,2676998.08518492
2026-08-04,16344.85512121,27303.91543256,-10959.06031135,2669254.99125843
2026-08-05,16869.99916815,19379.20844343,-2509.2092752800017,2667057.7263199
2026-08-06,20592.58529074,21794.69471126,-1202.1094205199988,2667540.88862867
2026-08-07,15583.56264537,19483.86994084,-3900.3072954699983,2664078.17821578
2026-08-08,6150.23382654,4567.48599662,1582.7478299200002,2665762.65381275
2026-08-09,5477.83000248,3484.34684254,1993.48315994,2667827.38391004
2026-08-10,25374.35853325,19814.08044156,5560.278091690001,2673653.76977995
2026-08-11,18609.90375041,13375.26546548,5234.638284930001,2679179.36977152
2026-08-12,21773.92527175,20972.03540956,801.8898621899971,2681208.67598449
2026-08-13,21359.95124875,18168.26963319,3191.681615559999,2728162.92002988
2026-08-14,23818.05842811,23434.70197851,383.3564495999999,2731026.60617049
2026-08-15,8673.64932266,7448.96919962,1224.6801230399997,2732483.49805014
2026-08-16,7494.08546652,8336.75273203,-842.6672655099992,2731860.03454713
2026-08-17,18151.36879844,20830.75857823,-2679.3897797900026,2729656.25419323
2026-08-18,20079.59227652,26427.8310161,-6348.23873958,2732030.11516017
2026-08-19,28280.09508818,35336.14125978,-7056.046171599999,2729211.7598264
2026-08-20,31441.28890682,50555.20323531,-19113.914328490002,2710644.77318381
2026-08-21,44593.21111191,44534.58007658,58.63103532999958,2711043.59131611
2026-08-22,19439.57718069,16684.13543387,2755.441746820001,2714042.92514466
2026-08-23,9268.07223511,13150.07529867,-3882.0030635600015,2715632.85824512
2026-08-24,25421.5455594,34158.22105624,-8736.675496839998,2707426.23654612
2026-08-25,26812.93213473,27543.59351411,-730.6613793800025,2706882.28848535
2026-08-26,21100.56506186,25141.75321478,-4041.18815292,2703241.67631061
2026-08-27,21593.55205304,28132.00985346,-6538.457800420001,2696997.80183601
2026-08-28,31601.84487968,27045.12960767,4556.715272010002,2701665.14420235
2026-08-29,9155.11521959,9888.31927916,-733.20405957,2704815.82854329
2026-08-30,9159.69253612,11804.97874318,-2645.2862070600004,2703796.43438912
2026-08-31,26633.79969871,26306.03112552,327.7685731900019,2704339.41957829
2026-09-01,23464.38438523,22650.54726226,813.8371229700024,2705334.79296894
2026-09-02,17936.73317105,17057.04121201,879.6919590399993,2706447.71377242
2026-09-03,24436.35509568,27482.8810388,-3046.5259431199993,2704499.64852835
2026-09-04,23413.18188385,26585.22210847,-3172.040224619999,2701495.38596654
2026-09-05,7360.36493117,8310.24487066,-949.8799394900007,2700752.50580233
2026-09-06,13205.63501585,16889.96245139,-3684.327435540001,2701286.65768462
2026-09-07,13535.23040593,11748.92429749,1786.3061084399997,2703303.01551925
2026-09-08,20142.20164691,23689.22951893,-3547.0278720199967,2704208.15172899
2026-09-09,16133.86603051,18244.1278987,-2110.2618681900003,2706262.46121092
2026-09-10,20312.30347017,25386.16137084,-5073.857900669998,2705198.74891602
2026-09-11,23384.47366595,23681.57119808,-297.0975321299993,2708701.85278176
2026-09-12,10591.20118324,10300.75849294,290.4426903000003,2710330.22505736
2026-09-13,10704.6370724,12892.13384048,-2187.49676808,2708335.0580121
2026-09-14,16625.43250438,19800.56354858,-3175.1310441999995,2707442.10625736
2026-09-15,30402.44301216,24869.8946116,5532.548400560001,2717458.40780514
2026-09-16,23005.0435735,25111.95609172,-2106.9125182200005,2715643.25254517
2026-09-17,21766.37576865,22768.27672937,-1001.9009607200023,2717241.34934502
2026-09-18,26956.79244258,28008.10103786,-1051.3085952799993,2718781.15287739
2026-09-19,13920.30109519,15406.49176817,-1486.1906729800012,2718047.40416887
2026-09-20,12118.44914273,12143.14716736,-24.698024630000873,2721135.94115925
2026-09-21,39392.93389089,43259.91376965,-3866.979878759994,2719494.22011218
2026-09-22,26788.45880433,43695.27229361,-16906.813489280004,2705076.07472788
2026-09-23,22387.64642336,32444.54357449,-10056.897151129997,2695208.79361638
2026-09-24,19032.13718045,26693.48630287,-7661.349122419997,2690688.98252485
2026-09-25,22970.33807703,30130.29185566,-7159.9537786300025,2685118.65968427
