date,coinbase_close,binance_close,premium_pct
2020-01-01,7174.33,7200.85,-0.36828985466994085
2020-01-02,6945.02,6965.71,-0.29702643377343585
2020-01-03,7334.45,7344.96,-0.14309131703916997
2020-01-04,7348.63,7354.11,-0.07451615491200925
2020-01-05,7355.4,7358.75,-0.045524036011555816
2020-01-06,7764.63,7758.0,0.0854601701469465
2020-01-07,8158.52,8145.28,0.16254812603128058
2020-01-08,8045.51,8055.98,-0.129965565952241
2020-01-09,7813.78,7817.76,-0.05090972350136705
2020-01-10,8198.09,8197.02,0.013053524329569879
2020-01-11,8020.0,8020.01,-0.00012468812383299122
2020-01-12,8180.81,8184.98,-0.050946978489857804
2020-01-13,8104.5,8110.34,-0.07200684558230784
2020-01-14,8815.69,8810.01,0.06447211751178819
2020-01-15,8808.81,8821.41,-0.1428343088009781
2020-01-16,8714.76,8720.01,-0.06020635297436586
2020-01-17,8899.42,8913.28,-0.1554983126301494
2020-01-18,8909.32,8915.96,-0.07447319189408004
2020-01-19,8697.53,8701.7,-0.047921670478183256
2020-01-20,8628.89,8642.35,-0.1557446759272761
2020-01-21,8722.03,8736.03,-0.16025585992722094
2020-01-22,8660.38,8682.36,-0.25315697575315216
2020-01-23,8385.22,8404.52,-0.22963833746604315
2020-01-24,8427.26,8439.0,-0.1391160090058038
2020-01-25,8326.81,8340.58,-0.16509643214261402
2020-01-26,8595.0,8615.0,-0.2321532211259431
2020-01-27,8895.96,8907.57,-0.1303385771877244
2020-01-28,9394.5,9374.21,0.21644490575740116
2020-01-29,9288.44,9301.53,-0.14072953589355885
2020-01-30,9503.08,9513.21,-0.10648351082336246
2020-01-31,9334.98,9352.89,-0.19149161382203636
2020-02-01,9380.18,9384.61,-0.04720494511759456
2020-02-02,9323.5,9331.51,-0.08583819767647699
2020-02-03,9280.49,9292.24,-0.12644959665269084
2020-02-04,9164.33,9197.02,-0.3554412190035523
2020-02-05,9613.82,9612.04,0.01851844145466348
2020-02-06,9763.01,9772.0,-0.09199754400327242
2020-02-07,9808.05,9813.73,-0.05787809528079834
2020-02-08,9905.64,9895.05,0.10702320857398544
2020-02-09,10168.35,10151.75,0.16351860516660047
2020-02-10,9851.78,9851.83,-0.00050751992268718
2020-02-11,10270.01,10223.08,0.4590593050235378
2020-02-12,10351.13,10326.46,0.2389008430769119
2020-02-13,10236.49,10229.63,0.06706009894786598
2020-02-14,10371.33,10344.36,0.26072178462465867
2020-02-15,9911.22,9904.72,0.06562527764540543
2020-02-16,9921.0,9917.27,0.03761115710270632
2020-02-17,9700.0,9706.0,-0.0618174325159695
2020-02-18,10188.04,10164.71,0.22951958294926023
2020-02-19,9600.08,9593.79,0.06556324455714638
2020-02-20,9610.05,9596.42,0.1420321328161877
2020-02-21,9695.66,9677.05,0.19231067319069947
2020-02-22,9668.23,9650.86,0.17998395997868563
2020-02-23,9965.01,9936.4,0.2879312427036007
2020-02-24,9660.0,9656.13,0.04007816796170723
2020-02-25,9305.0,9315.84,-0.11636095081066383
2020-02-26,8778.3,8785.25,-0.07910987165989275
2020-02-27,8812.49,8823.21,-0.12149773155120808
2020-02-28,8708.89,8692.91,0.1838279701503819
2020-02-29,8525.07,8523.61,0.01712889257015662
2020-03-01,8522.31,8531.88,-0.11216754103432901
2020-03-02,8915.0,8915.24,-0.0026920195081655877
2020-03-03,8757.84,8760.07,-0.02545641758569924
2020-03-04,8760.66,8750.87,0.11187459075496554
2020-03-05,9070.17,9054.68,0.17107175515865586
2020-03-06,9158.51,9131.88,0.2916157461552388
2020-03-07,8901.37,8886.66,0.16552900639836504
2020-03-08,8037.76,8033.31,0.055394351767824444
2020-03-09,7934.52,7929.87,0.05863904452406592
2020-03-10,7894.68,7894.56,0.0015200340487613098
2020-03-11,7938.05,7934.52,0.04448914364069591
2020-03-12,4857.1,4800.0,1.189583333333341
2020-03-13,5637.6,5578.6,1.0576130211881116
2020-03-14,5165.25,5172.06,-0.13166900616002908
2020-03-15,5345.35,5361.3,-0.2975024714155115
2020-03-16,5037.61,5028.97,0.1718045643541206
2020-03-17,5331.71,5312.64,0.35895524635585524
2020-03-18,5413.64,5393.04,0.3819738032723726
2020-03-19,6186.26,6162.37,0.3876755209440577
2020-03-20,6206.1,6208.36,-0.03640252820389457
2020-03-21,6198.78,6186.98,0.19072309915338634
2020-03-22,5818.25,5816.19,0.0354183752594121
2020-03-23,6490.63,6467.31,0.36058268429995943
2020-03-24,6766.64,6744.72,0.3249949590197973
2020-03-25,6690.96,6677.43,0.20262286538383398
2020-03-26,6758.18,6737.36,0.3090231188477478
2020-03-27,6372.36,6359.11,0.20836249097751103
2020-03-28,6251.82,6236.65,0.24323955969951935
2020-03-29,5877.21,5881.42,-0.0715813528025551
2020-03-30,6406.4,6394.38,0.18797756780171848
2020-03-31,6424.35,6410.44,0.21698978541255773
2020-04-01,6666.11,6642.92,0.34909347094349474
2020-04-02,6804.52,6794.09,0.153515776211388
2020-04-03,6741.99,6734.1,0.1171648772664412
2020-04-04,6874.77,6856.99,0.2592974468389287
2020-04-05,6778.25,6772.78,0.08076447190075943
2020-04-06,7341.56,7329.9,0.15907447577730616
2020-04-07,7200.01,7197.32,0.037375022925207016
2020-04-08,7370.11,7361.28,0.1199519648756728
2020-04-09,7293.24,7283.54,0.13317699909659064
2020-04-10,6871.91,6858.92,0.18938841683530033
2020-04-11,6889.65,6876.83,0.18642310483172783
2020-04-12,6908.13,6903.79,0.06286402106669156
2020-04-13,6861.21,6837.91,0.3407473921125049
2020-04-14,6877.37,6868.7,0.1262247586879624
2020-04-15,6624.12,6621.24,0.04349638436305147
2020-04-16,7112.64,7101.94,0.15066305826296375
2020-04-17,7037.46,7027.55,0.1410164282004376
2020-04-18,7261.76,7248.6,0.18155229975443332
2020-04-19,7130.71,7120.74,0.14001353791881538
2020-04-20,6838.19,6826.83,0.1664022686957149
2020-04-21,6853.68,6841.37,0.1799347206772971
2020-04-22,7136.84,7125.14,0.1642072997863876
2020-04-23,7488.83,7482.39,0.0860687561059982
2020-04-24,7514.64,7505.0,0.12844770153231616
2020-04-25,7547.61,7538.67,0.11858855739805031
2020-04-26,7706.4,7693.1,0.17288219313409772
2020-04-27,7789.77,7774.62,0.19486482940646033
2020-04-28,7755.01,7738.98,0.20713323978096151
2020-04-29,8793.75,8778.57,0.17292110218407203
2020-04-30,8624.28,8620.0,0.049651972157780215
2020-05-01,8829.42,8826.96,0.027869164468865226
2020-05-02,8985.58,8972.05,0.15080165625470943
2020-05-03,8909.95,8894.16,0.17753222339153865
2020-05-04,8883.53,8871.96,0.13041086749716554
2020-05-05,9028.79,9021.83,0.07714621091287406
2020-05-06,9155.79,9142.92,0.1407646572429902
2020-05-07,10004.77,9986.4,0.1839501722342466
2020-05-08,9810.0,9800.01,0.10193867149114931
2020-05-09,9537.21,9539.4,-0.022957418705584307
2020-05-10,8729.86,8722.77,0.08128151951731095
2020-05-11,8572.4,8561.52,0.12708023808855437
2020-05-12,8821.42,8810.79,0.1206475242288058
2020-05-13,9321.26,9309.37,0.12772078024613284
2020-05-14,9795.34,9791.98,0.0343137955755688
2020-05-15,9312.1,9316.42,-0.046369742884066076
2020-05-16,9383.16,9381.27,0.020146526003402714
2020-05-17,9676.63,9680.04,-0.03522712716064885
2020-05-18,9728.52,9733.93,-0.05557878472518145
2020-05-19,9783.76,9775.53,0.08418980863441228
2020-05-20,9509.41,9511.43,-0.021237605701776036
2020-05-21,9061.96,9068.65,-0.07377062738114834
2020-05-22,9168.84,9170.0,-0.012649945474371368
2020-05-23,9181.76,9179.15,0.028434005327296997
2020-05-24,8715.73,8720.34,-0.05286491123053209
2020-05-25,8899.31,8900.35,-0.011684933738570652
2020-05-26,8844.42,8841.18,0.03664669195740593
2020-05-27,9208.53,9204.07,0.04845682399200513
2020-05-28,9580.19,9575.89,0.044904442302502345
2020-05-29,9423.84,9427.07,-0.034263031885830526
2020-05-30,9700.33,9697.72,0.026913542564650065
2020-05-31,9446.57,9448.27,-0.017992711893296102
2020-06-01,10208.96,10200.77,0.08028805668590401
2020-06-02,9522.46,9518.04,0.04643813222048083
2020-06-03,9668.07,9666.24,0.018931870096334534
2020-06-04,9788.03,9789.06,-0.010521950013574704
2020-06-05,9613.21,9621.16,-0.08263036889523434
2020-06-06,9671.7,9666.3,0.05586418795197186
2020-06-07,9750.12,9746.99,0.03211247780084948
2020-06-08,9781.51,9782.01,-0.005111423930255643
2020-06-09,9779.41,9772.43,0.07142542847581987
2020-06-10,9894.04,9885.0,0.09145169448660469
2020-06-11,9268.16,9280.4,-0.13189086677298156
2020-06-12,9464.17,9465.13,-0.01014249143962235
2020-06-13,9475.0,9473.34,0.017522858886093548
2020-06-14,9325.0,9342.1,-0.1830423566435851
2020-06-15,9432.53,9426.02,0.06906414372131842
2020-06-16,9526.25,9525.59,0.006928704678658797
2020-06-17,9457.51,9465.14,-0.080611591587649
2020-06-18,9376.14,9386.32,-0.10845571001202059
2020-06-19,9301.91,9310.23,-0.08936406511976298
2020-06-20,9355.74,9358.95,-0.03429871940763596
2020-06-21,9286.14,9294.69,-0.0919880060550819
2020-06-22,9690.74,9685.69,0.052138773799277824
2020-06-23,9623.56,9624.89,-0.01381833974206383
2020-06-24,9285.91,9296.49,-0.11380639359586174
2020-06-25,9243.51,9249.49,-0.06465221325715866
2020-06-26,9155.42,9162.21,-0.0741087576032317
2020-06-27,9002.46,9012.0,-0.10585885486019611
2020-06-28,9113.24,9116.35,-0.0341145304864401
2020-06-29,9184.45,9192.56,-0.08822351988998454
2020-06-30,9136.2,9138.55,-0.02571523928849265
2020-07-01,9239.97,9232.0,0.08633015597919567
2020-07-02,9091.53,9086.54,0.05491639281838611
2020-07-03,9063.87,9058.26,0.061932424107947685
2020-07-04,9138.51,9135.46,0.03338638667347995
2020-07-05,9074.39,9069.41,0.05490985631920448
2020-07-06,9343.31,9344.2,-0.009524624901021348
2020-07-07,9253.94,9257.39,-0.03726752356764605
2020-07-08,9435.28,9436.06,-0.008266161936219523
2020-07-09,9236.95,9232.43,0.04895785833199316
2020-07-10,9291.05,9288.34,0.029176365206259967
2020-07-11,9235.0,9234.03,0.010504622575401478
2020-07-12,9303.37,9302.75,0.006664695923257105
2020-07-13,9236.92,9242.62,-0.06167082493925669
2020-07-14,9256.94,9255.85,0.011776336046934052
2020-07-15,9190.16,9197.6,-0.08089066713056133
2020-07-16,9130.11,9133.72,-0.039523874171736854
2020-07-17,9154.29,9154.32,-0.0003277141283987871
2020-07-18,9175.85,9170.28,0.0607396938806635
2020-07-19,9212.87,9208.99,0.042132742027095466
2020-07-20,9161.05,9160.78,0.002947347278273439
2020-07-21,9394.14,9390.0,0.04408945686900339
2020-07-22,9536.18,9518.16,0.189322305991919
2020-07-23,9613.24,9603.27,0.10381880338675623
2020-07-24,9551.21,9537.8,0.14059846086099367
2020-07-25,9711.33,9700.42,0.11246935699691203
2020-07-26,9941.0,9931.54,0.09525209584816782
2020-07-27,11048.91,11029.96,0.1718047934897382
2020-07-28,10934.23,10906.27,0.25636629205034467
2020-07-29,11110.12,11100.53,0.08639227136001745
2020-07-30,11115.95,11099.61,0.147212379534057
2020-07-31,11351.62,11335.46,0.14256148405094873
2020-08-01,11810.07,11801.17,0.07541625110052338
2020-08-02,11068.54,11071.35,-0.025380825283271603
2020-08-03,11233.13,11219.81,0.11871858792617442
2020-08-04,11197.04,11191.97,0.04530033586581744
2020-08-05,11756.75,11744.91,0.10080962731941025
2020-08-06,11773.89,11762.46,0.09717355043077971
2020-08-07,11606.52,11594.23,0.10600100222266484
2020-08-08,11774.98,11761.41,0.11537732295702394
2020-08-09,11688.48,11681.68,0.058210805295122556
2020-08-10,11899.73,11892.92,0.05726095862075496
2020-08-11,11388.53,11392.08,-0.031162000266845673
2020-08-12,11566.45,11564.33,0.01833223368756167
2020-08-13,11795.95,11780.0,0.1353989813242846
2020-08-14,11779.0,11760.54,0.1569655815124061
2020-08-15,11859.24,11852.4,0.05770983092032116
2020-08-16,11918.84,11911.0,0.06582150952900802
2020-08-17,12304.26,12281.13,0.18833771810900968
2020-08-18,11950.0,11945.01,0.04177476619944045
2020-08-19,11758.87,11754.59,0.03641130826341586
2020-08-20,11864.26,11853.55,0.09035267915519778
2020-08-21,11529.22,11531.34,-0.01838468035805726
2020-08-22,11672.93,11662.96,0.08548430244124275
2020-08-23,11650.01,11648.13,0.016139929756974026
2020-08-24,11753.85,11748.2,0.04809247374065504
2020-08-25,11324.92,11318.42,0.057428510339782406
2020-08-26,11463.27,11461.43,0.016053843194087872
2020-08-27,11330.06,11330.38,-0.0028242653820940602
2020-08-28,11535.0,11526.91,0.07018359647121515
2020-08-29,11474.31,11465.84,0.0738716046970771
2020-08-30,11716.01,11711.16,0.04141348935545551
2020-08-31,11655.0,11649.51,0.047126445661661145
2020-09-01,11924.22,11921.97,0.018872719860895473
2020-09-02,11395.48,11388.54,0.06093845216330355
2020-09-03,10172.52,10140.85,0.3123012370757882
2020-09-04,10500.05,10446.25,0.5150173507239371
2020-09-05,10168.36,10166.69,0.016426191808740827
2020-09-06,10257.86,10256.2,0.016185331799300467
2020-09-07,10375.0,10373.44,0.015038405774742906
2020-09-08,10125.69,10126.65,-0.009479936602915346
2020-09-09,10224.56,10219.2,0.05245028965084119
2020-09-10,10343.23,10336.87,0.06152732887226755
2020-09-11,10394.41,10387.89,0.06276539316454484
2020-09-12,10446.52,10440.92,0.053635120276760706
2020-09-13,10336.76,10332.83,0.03803411069378177
2020-09-14,10679.95,10671.77,0.076650827369783
2020-09-15,10783.75,10785.31,-0.014464118323900665
2020-09-16,10959.61,10954.01,0.0511228308172109
2020-09-17,10943.61,10939.99,0.03308960977113142
2020-09-18,10937.52,10933.39,0.03777419446302582
2020-09-19,11080.0,11080.65,-0.0058660818634253065
2020-09-20,10920.89,10920.28,0.0055859373569062615
2020-09-21,10416.82,10417.22,-0.0038397960300313927
2020-09-22,10531.13,10529.61,0.014435482415764853
2020-09-23,10235.1,10241.46,-0.062100520824167296
2020-09-24,10740.01,10736.32,0.03436931835117162
2020-09-25,10690.53,10686.67,0.03611976415478893
2020-09-26,10730.0,10728.6,0.0130492328915202
2020-09-27,10778.2,10774.25,0.036661484558096646
2020-09-28,10695.55,10696.12,-0.005329035201564005
2020-09-29,10840.73,10840.48,0.002306170944460024
2020-09-30,10779.63,10776.59,0.028209294405735524
2020-10-01,10617.63,10619.13,-0.01412545095502174
2020-10-02,10573.12,10570.4,0.02573223340650462
2020-10-03,10551.65,10542.06,0.09096893775979406
2020-10-04,10671.11,10666.63,0.04200014437550925
2020-10-05,10795.0,10792.21,0.02585198027096279
2020-10-06,10602.66,10599.66,0.028302794617940576
2020-10-07,10670.47,10666.39,0.038250992135107825
2020-10-08,10933.09,10925.57,0.06882936084799637
2020-10-09,11057.07,11050.64,0.058186675160898295
2020-10-10,11299.5,11293.22,0.05560858639077832
2020-10-11,11374.01,11369.02,0.0438912061021951
2020-10-12,11535.46,11528.25,0.06254201635112985
2020-10-13,11428.22,11420.56,0.06707201748425519
2020-10-14,11427.7,11417.89,0.08591780092470071
2020-10-15,11509.34,11505.12,0.03667932190189537
2020-10-16,11328.95,11319.32,0.08507578193743986
2020-10-17,11367.89,11360.2,0.06769247020297785
2020-10-18,11514.2,11503.14,0.09614766055182594
2020-10-19,11760.45,11751.47,0.07641597178907306
2020-10-20,11923.83,11909.99,0.1162049674265062
2020-10-21,12808.0,12780.96,0.2115647024949681
2020-10-22,12987.02,12968.52,0.1426531323543473
2020-10-23,12937.09,12923.07,0.1084881533567522
2020-10-24,13126.24,13111.73,0.11066426779685228
2020-10-25,13045.0,13028.83,0.12410937896956267
2020-10-26,13068.79,13052.19,0.1271817219945493
2020-10-27,13698.18,13636.17,0.45474645739969666
2020-10-28,13281.05,13266.4,0.11042935536392418
2020-10-29,13460.0,13455.7,0.0319567172276379
2020-10-30,13571.51,13560.1,0.08414392224246027
2020-10-31,13804.81,13791.0,0.10013777101007534
2020-11-01,13771.59,13761.5,0.07332049558551136
2020-11-02,13563.22,13549.37,0.10221877474744984
2020-11-03,14035.8,14023.53,0.08749580169899175
2020-11-04,14161.48,14144.01,0.12351518416629616
2020-11-05,15608.21,15590.02,0.11667720759818583
2020-11-06,15599.95,15579.92,0.12856291945016826
2020-11-07,14834.09,14818.3,0.10655743236404226
2020-11-08,15482.9,15475.1,0.05040355151177874
2020-11-09,15342.25,15328.41,0.09028986046171877
2020-11-10,15315.03,15297.21,0.11649183086328506
2020-11-11,15705.79,15684.24,0.1373990706594715
2020-11-12,16310.81,16291.86,0.11631575522990566
2020-11-13,16339.56,16320.7,0.11555876892534488
2020-11-14,16082.01,16070.45,0.07193326882569866
2020-11-15,15966.89,15957.0,0.06197906874725461
2020-11-16,16726.64,16713.57,0.0781999297576742
2020-11-17,17679.36,17659.38,0.1131410049503412
2020-11-18,17782.91,17776.12,0.038197311899339524
2020-11-19,17821.58,17802.82,0.10537656393763481
2020-11-20,18675.25,18655.67,0.10495468669847692
2020-11-21,18721.21,18703.8,0.09308268907922376
2020-11-22,18437.66,18414.43,0.1261510673965991
2020-11-23,18384.82,18368.0,0.09157229965156637
2020-11-24,19172.84,19160.01,0.06696238676285528
2020-11-25,18721.93,18719.11,0.015064818786789056
2020-11-26,17170.0,17149.47,0.11971215436977839
2020-11-27,17153.95,17139.52,0.08419138925711041
2020-11-28,17739.85,17719.85,0.11286777258272503
2020-11-29,18202.04,18184.99,0.09375864380458428
2020-11-30,19713.94,19695.87,0.09174512220074417
2020-12-01,18782.97,18764.96,0.09597675667841572
2020-12-02,19225.63,19204.09,0.11216360681501114
2020-12-03,19448.64,19421.9,0.1376796296963632
2020-12-04,18658.1,18650.52,0.0406422984452879
2020-12-05,19158.96,19147.66,0.05901504413593762
2020-12-06,19375.6,19359.4,0.0836802793474854
2020-12-07,19177.71,19166.9,0.05639931339965081
2020-12-08,18316.22,18324.11,-0.043058025737672485
2020-12-09,18546.55,18541.28,0.028423064642788615
2020-12-10,18253.44,18254.63,-0.006518894110712341
2020-12-11,18042.15,18036.53,0.0311589867896021
2020-12-12,18821.28,18808.69,0.06693714447949403
2020-12-13,19166.65,19174.99,-0.043494155668400064
2020-12-14,19272.37,19273.14,-0.0039951974613396495
2020-12-15,19444.6,19426.43,0.0935323680161422
2020-12-16,21359.65,21335.52,0.11309778247730085
2020-12-17,22826.48,22797.16,0.12861251138299556
2020-12-18,23137.76,23107.39,0.1314298153101626
2020-12-19,23849.99,23821.61,0.1191355244250956
2020-12-20,23476.51,23455.52,0.08948852977890903
2020-12-21,22729.4,22719.71,0.042650192277992674
2020-12-22,23823.27,23810.79,0.052413212665348624
2020-12-23,23228.35,23232.76,-0.018981817054882222
2020-12-24,23717.96,23729.2,-0.047367800010120864
2020-12-25,24704.71,24712.47,-0.03140115091693399
2020-12-26,26475.35,26493.39,-0.06809245626928405
2020-12-27,26258.65,26281.66,-0.0875515473527867
2020-12-28,27040.36,27079.41,-0.1442055052159529
2020-12-29,27366.35,27385.0,-0.06810297608180192
2020-12-30,28897.42,28875.54,0.07577347471249847
2020-12-31,28990.08,28923.63,0.22974294720268765
2021-01-01,29412.84,29331.69,0.2766632267012281
2021-01-02,32225.91,32178.33,0.14786348452513884
2021-01-03,33080.66,33000.05,0.24427235716309695
2021-01-04,32019.99,31988.71,0.09778449959377065
2021-01-05,34030.64,33949.53,0.2389134694942775
2021-01-06,36859.26,36769.36,0.24449704862962382
2021-01-07,39505.56,39432.28,0.18583759295683344
2021-01-08,40665.15,40582.81,0.2028937868028453
2021-01-09,40257.43,40088.22,0.42209407152524886
2021-01-10,38171.57,38150.02,0.05648751953472872
2021-01-11,35452.59,35404.47,0.1359150412363053
2021-01-12,34038.98,34051.24,-0.036004562535739554
2021-01-13,37393.66,37371.38,0.05961781448800155
2021-01-14,39125.14,39144.5,-0.049457778231937005
2021-01-15,36754.67,36742.22,0.03388472443961494
2021-01-16,36006.94,35994.98,0.03322685552262878
2021-01-17,35820.0,35828.61,-0.024031074607696424
2021-01-18,36624.23,36631.27,-0.01921855289208809
2021-01-19,35917.28,35891.49,0.07185547326121282
2021-01-20,35503.09,35468.23,0.09828514137861771
2021-01-21,30855.95,30850.13,0.01886539862230632
2021-01-22,32984.93,32945.17,0.12068536905410426
2021-01-23,32112.01,32078.0,0.1060228193777617
2021-01-24,32288.56,32259.9,0.08884094495023187
2021-01-25,32261.87,32254.2,0.023779848825883926
2021-01-26,32510.82,32467.77,0.13259302994939065
2021-01-27,30407.13,30366.15,0.1349528998572409
2021-01-28,33488.99,33364.86,0.3720381263400997
2021-01-29,34262.11,34252.2,0.028932448134728554
2021-01-30,34315.63,34262.88,0.1539567018300855
2021-01-31,33137.74,33092.98,0.13525527166182905
2021-02-01,33533.19,33526.37,0.020342196306965855
2021-02-02,35512.67,35466.24,0.13091322903132752
2021-02-03,37678.37,37618.87,0.15816530374251006
2021-02-04,36975.0,36936.66,0.10379931482704853
2021-02-05,38311.49,38290.24,0.05549717108067226
2021-02-06,39265.43,39186.94,0.2002963232138002
2021-02-07,38871.42,38795.69,0.19520209590291066
2021-02-08,46448.1,46374.87,0.15790879845053132
2021-02-09,46514.73,46420.42,0.20316490027450193
2021-02-10,44850.0,44807.58,0.0946714819233671
2021-02-11,47997.91,47969.51,0.05920427371470222
2021-02-12,47408.34,47287.6,0.255331207335534
2021-02-13,47232.45,47153.69,0.16702828559121197
2021-02-14,48680.69,48577.79,0.21182519830564844
2021-02-15,47936.37,47911.1,0.05274351872531433
2021-02-16,49158.71,49133.45,0.051411004112273895
2021-02-17,52170.01,52119.71,0.0965085953087669
2021-02-18,51601.73,51552.6,0.09530072198105363
2021-02-19,55983.56,55906.0,0.13873287303687917
2021-02-20,55923.52,55841.19,0.14743596975636528
2021-02-21,57489.16,57408.57,0.14037973772905993
2021-02-22,54142.13,54087.67,0.10068838239842672
2021-02-23,48899.99,48891.0,0.018387842343167378
2021-02-24,49737.82,49676.2,0.12404330443955582
2021-02-25,47058.48,47073.73,-0.03239598816579863
2021-02-26,46326.2,46276.87,0.10659752917601054
2021-02-27,46180.75,46106.43,0.16119226754272606
2021-02-28,45231.75,45135.66,0.21289153631518073
2021-03-01,49639.4,49587.03,0.10561229418257681
2021-03-02,48511.6,48440.65,0.14646789421693782
2021-03-03,50360.0,50349.37,0.02111247866656004
2021-03-04,48368.52,48374.09,-0.011514428488473291
2021-03-05,48769.47,48751.71,0.03642949139630597
2021-03-06,48909.84,48882.2,0.05654409989730294
2021-03-07,50978.61,50971.75,0.013458435309756055
2021-03-08,52415.23,52375.17,0.0764866252462855
2021-03-09,54916.38,54884.5,0.058085616157562484
2021-03-10,55890.69,55851.59,0.07000695951539754
2021-03-11,57815.47,57773.16,0.07323469929634742
2021-03-12,57225.91,57221.72,0.007322394363542949
2021-03-13,61178.5,61188.39,-0.01616319697249661
2021-03-14,58972.7,58968.31,0.007444676640723498
2021-03-15,55636.15,55605.2,0.05566026198989369
2021-03-16,56927.11,56900.75,0.04632627865186414
2021-03-17,58925.54,58912.97,0.021336557976961115
2021-03-18,57644.95,57648.16,-0.005568260981801331
2021-03-19,58039.66,58030.01,0.016629326791433356
2021-03-20,58116.7,58102.28,0.024818303171576492
2021-03-21,57363.32,57351.56,0.020505109189709988
2021-03-22,54110.07,54083.25,0.04959021508507663
2021-03-23,54345.54,54340.89,0.008557092090323614
2021-03-24,52276.16,52303.65,-0.052558473452613656
2021-03-25,51325.01,51293.78,0.06088457508883768
2021-03-26,55072.44,55025.59,0.08514220383644377
2021-03-27,55856.53,55817.14,0.07056972105700761
2021-03-28,55778.82,55777.63,0.0021334717878875964
2021-03-29,57613.48,57635.47,-0.03815358840658012
2021-03-30,58786.46,58746.57,0.06790183665190908
2021-03-31,58800.0,58740.55,0.10120776873896667
2021-04-01,58726.48,58720.44,0.010286026467105617
2021-04-02,58981.04,58950.01,0.05263781973912954
2021-04-03,57094.34,57051.94,0.0743182440421731
2021-04-04,58215.94,58202.01,0.02393388132128133
2021-04-05,59123.02,59129.99,-0.011787588666937309
2021-04-06,58019.98,57991.15,0.04971448229600852
2021-04-07,55955.75,55953.45,0.004110559759948512
2021-04-08,58083.1,58077.52,0.00960784826900623
2021-04-09,58092.68,58142.54,-0.08575476750757807
2021-04-10,59778.6,59769.13,0.01584429955731523
2021-04-11,59985.26,60002.43,-0.028615507738600342
2021-04-12,59839.82,59860.0,-0.033711994654193604
2021-04-13,63588.22,63575.0,0.020794337396777295
2021-04-14,62971.8,62959.53,0.019488709652063913
2021-04-15,63229.04,63159.98,0.10934138991177272
2021-04-16,61427.27,61334.8,0.15076269915283638
2021-04-17,60058.86,60006.66,0.08699034407180317
2021-04-18,56274.41,56150.01,0.221549381736533
2021-04-19,55696.83,55633.14,0.11448212342499871
2021-04-20,56499.29,56425.0,0.13166149756313844
2021-04-21,53800.86,53787.63,0.02459673348686901
2021-04-22,51701.59,51690.96,0.020564524241757903
2021-04-23,51187.27,51125.14,0.12152533958830701
2021-04-24,50089.15,50047.84,0.08254102474753146
2021-04-25,49121.0,49066.77,0.11052286506734232
2021-04-26,54053.6,54001.39,0.09668269650095883
2021-04-27,55069.62,55011.97,0.10479537453394498
2021-04-28,54894.03,54846.22,0.08717100285124056
2021-04-29,53580.0,53555.0,0.046680982167864815
2021-04-30,57798.77,57694.27,0.18112717259443617
2021-05-01,57859.28,57800.37,0.10191976279735962
2021-05-02,56625.2,56578.21,0.08305317541858953
2021-05-03,57212.73,57169.39,0.07580979961480049
2021-05-04,53241.92,53200.01,0.07877818068078599
2021-05-05,57515.69,57436.11,0.13855395151238784
2021-05-06,56440.66,56393.68,0.0833072074743184
2021-05-07,57380.39,57314.75,0.11452549300136425
2021-05-08,58958.05,58862.05,0.1630931984190153
2021-05-09,58312.57,58240.84,0.1231609983647269
2021-05-10,55866.41,55816.14,0.09006355509356985
2021-05-11,56753.19,56670.02,0.14676190338384482
2021-05-12,49498.77,49631.32,-0.2670692619096226
2021-05-13,49690.11,49670.97,0.03853357403730875
2021-05-14,49893.48,49841.45,0.1043910239369162
2021-05-15,46775.51,46762.99,0.026773309405587784
2021-05-16,46450.79,46431.5,0.041545071772397774
2021-05-17,43580.5,43538.04,0.09752391242233029
2021-05-18,42857.15,42849.78,0.017199621561657073
2021-05-19,36731.75,36690.09,0.11354564679455269
2021-05-20,40623.33,40526.64,0.23858380561527512
2021-05-21,37340.77,37252.01,0.23826902226214036
2021-05-22,37476.83,37449.73,0.07236367258188121
2021-05-23,34758.67,34655.25,0.29842520253063604
2021-05-24,38878.56,38796.29,0.21205635899720512
2021-05-25,38361.81,38324.72,0.09677826739502991
2021-05-26,39293.23,39241.91,0.13077854773123862
2021-05-27,38556.88,38529.98,0.06981576424382825
2021-05-28,35680.47,35663.49,0.04761171719313843
2021-05-29,34627.82,34605.15,0.06551048037647071
2021-05-30,35669.44,35641.27,0.07903758760561992
2021-05-31,37279.31,37253.81,0.06844937470825133
2021-06-01,36685.0,36693.09,-0.022047747954714383
2021-06-02,37577.91,37568.68,0.024568337242626574
2021-06-03,39248.55,39246.79,0.004484443186314186
2021-06-04,36856.52,36829.0,0.07472372315294143
2021-06-05,35539.49,35513.2,0.07402881182208552
2021-06-06,35800.48,35796.31,0.0116492454110648
2021-06-07,33575.91,33552.79,0.06890634132065505
2021-06-08,33402.13,33380.81,0.06386903133866348
2021-06-09,37403.86,37388.05,0.04228623851738101
2021-06-10,36694.05,36675.72,0.04997856892789493
2021-06-11,37338.44,37331.98,0.017304198705772173
2021-06-12,35557.33,35546.11,0.031564635342661025
2021-06-13,39015.24,39020.57,-0.013659462175979865
2021-06-14,40539.47,40516.29,0.057211556141987065
2021-06-15,40162.37,40144.04,0.045660576264874554
2021-06-16,38351.0,38349.01,0.005189182197918441
2021-06-17,38095.17,38092.97,0.005775343849526801
2021-06-18,35841.81,35819.84,0.06133472399653702
2021-06-19,35484.79,35483.72,0.003015467374896738
2021-06-20,35585.78,35600.16,-0.04039307688506078
2021-06-21,31609.82,31608.93,0.0028156600049398
2021-06-22,32538.37,32509.56,0.08862008590703065
2021-06-23,33688.35,33678.07,0.030524314487139066
2021-06-24,34654.58,34663.09,-0.02455060988502399
2021-06-25,31594.63,31584.45,0.03223105040613432
2021-06-26,32275.19,32283.65,-0.02620521533346683
2021-06-27,34709.23,34700.34,0.025619345516518555
2021-06-28,34493.22,34494.89,-0.004841296783373577
2021-06-29,35904.28,35911.73,-0.020745310794006207
2021-06-30,35060.0,35045.0,0.04280211157083749
2021-07-01,33516.11,33504.69,0.03408478036954902
2021-07-02,33805.02,33786.55,0.054666723888629906
2021-07-03,34682.16,34669.13,0.037583867838639484
2021-07-04,35284.05,35286.51,-0.006971502707406107
2021-07-05,33697.78,33690.14,0.022677258093909428
2021-07-06,34225.73,34220.01,0.01671536624332127
2021-07-07,33878.56,33862.12,0.04854982499617582
2021-07-08,32875.95,32875.71,0.0007300222565473499
2021-07-09,33824.26,33815.81,0.024988311680259518
2021-07-10,33515.35,33502.87,0.037250540028349585
2021-07-11,34259.23,34258.99,0.0007005460464690836
2021-07-12,33091.1,33086.63,0.013509988777947964
2021-07-13,32734.14,32729.77,0.013351758964389244
2021-07-14,32816.39,32820.02,-0.011060322327644471
2021-07-15,31868.68,31880.0,-0.03550815558343698
2021-07-16,31388.06,31383.87,0.013350807277758697
2021-07-17,31533.91,31520.07,0.04390853192902219
2021-07-18,31788.25,31778.56,0.03049225641438344
2021-07-19,30842.03,30839.65,0.007717337907522882
2021-07-20,29796.16,29790.35,0.019502959851097117
2021-07-21,32135.19,32144.51,-0.028994064616320824
2021-07-22,32287.74,32287.83,-0.0002787427956606112
2021-07-23,33647.26,33634.09,0.03915670083538913
2021-07-24,34283.01,34258.14,0.07259588524071249
2021-07-25,35428.26,35381.02,0.1335179144072309
2021-07-26,37262.77,37237.6,0.06759297054589515
2021-07-27,39470.48,39457.87,0.031958136615079784
2021-07-28,40035.1,40019.56,0.038831011635312516
2021-07-29,40039.44,40016.48,0.05737636093929083
2021-07-30,42237.95,42206.37,0.07482282887629159
2021-07-31,41495.01,41461.83,0.08002541132410289
2021-08-01,39865.41,39845.44,0.05011865849643313
2021-08-02,39149.59,39147.82,0.004521324559060501
2021-08-03,38191.44,38207.05,-0.04085633410587988
2021-08-04,39722.41,39723.18,-0.0019384147996127162
2021-08-05,40888.74,40862.46,0.06431330859668957
2021-08-06,42869.58,42836.87,0.07635945390034128
2021-08-07,44637.34,44572.54,0.14538099017914535
2021-08-08,43829.14,43794.37,0.07939376682435846
2021-08-09,46285.48,46253.4,0.06935706348074248
2021-08-10,45595.66,45584.99,0.023406827554433005
2021-08-11,45553.49,45511.0,0.09336204434092409
2021-08-12,44422.14,44399.0,0.05211829095249762
2021-08-13,47833.64,47800.0,0.07037656903765568
2021-08-14,47109.65,47068.51,0.08740450887440332
2021-08-15,47014.49,46973.82,0.08658014187476823
2021-08-16,45902.46,45901.29,0.0025489479707395016
2021-08-17,44671.58,44695.95,-0.05452395574989534
2021-08-18,44707.98,44705.29,0.006017184990864232
2021-08-19,46765.87,46760.62,0.011227396043936114
2021-08-20,49342.4,49322.47,0.04040754649959803
2021-08-21,48867.02,48821.87,0.09247904678783131
2021-08-22,49284.63,49239.22,0.09222323180585763
2021-08-23,49506.5,49488.85,0.035664599197599976
2021-08-24,47682.45,47674.01,0.017703566366653555
2021-08-25,48987.33,48973.32,0.028607413179261763
2021-08-26,46851.47,46843.87,0.01622410787152843
2021-08-27,49077.57,49069.9,0.01563076346191505
2021-08-28,48942.94,48895.35,0.09733031873174808
2021-08-29,48802.58,48767.83,0.07125598986052896
2021-08-30,46993.71,46982.91,0.0229870818984938
2021-08-31,47112.5,47100.89,0.024649215757920034
2021-09-01,48839.86,48810.52,0.060109992681913214
2021-09-02,49279.37,49246.64,0.06646138701036904
2021-09-03,50025.0,49999.14,0.051720889599302274
2021-09-04,49942.98,49915.64,0.05477241201355684
2021-09-05,51789.17,51756.88,0.062387840998145316
2021-09-06,52698.81,52663.9,0.06628829235965475
2021-09-07,46894.5,46863.73,0.06565845270958329
2021-09-08,46060.36,46048.31,0.02616816990678466
2021-09-09,46400.0,46395.14,0.010475235121610976
2021-09-10,44851.45,44850.91,0.001203988949150858
2021-09-11,45171.83,45173.69,-0.004117440926345805
2021-09-12,46024.23,46025.24,-0.0021944480897758737
2021-09-13,44947.72,44940.73,0.015553819441735731
2021-09-14,47127.22,47111.52,0.0333251824606898
2021-09-15,48148.12,48121.41,0.055505439262895924
2021-09-16,47753.16,47737.82,0.03213385110590258
2021-09-17,47303.5,47299.98,0.007441863611774885
2021-09-18,48314.56,48292.74,0.045182774885002816
2021-09-19,47255.92,47241.75,0.02999465515142486
2021-09-20,43012.97,43015.62,-0.006160552841041126
2021-09-21,40719.6,40734.38,-0.03628384671621082
2021-09-22,43575.1,43543.61,0.07231830342040534
2021-09-23,44897.59,44865.26,0.07206020872272771
2021-09-24,42848.92,42810.57,0.08958068065900207
2021-09-25,42705.51,42670.64,0.08171895242256179
2021-09-26,43178.02,43160.9,0.039665530607553
2021-09-27,42171.76,42147.35,0.0579158594787181
2021-09-28,41026.07,41026.54,-0.0011455998970450936
2021-09-29,41522.16,41524.28,-0.005105446741028004
2021-09-30,43824.43,43824.1,0.0007530103299366016
2021-10-01,48165.76,48141.61,0.050164504261493235
2021-10-02,47657.69,47634.9,0.047843073040986485
2021-10-03,48233.99,48200.01,0.07049791068507232
2021-10-04,49245.54,49224.94,0.041848705148241
2021-10-05,51493.99,51471.99,0.04274169310337526
2021-10-06,55339.48,55315.0,0.0442556268643283
2021-10-07,53797.82,53785.22,0.023426510108164555
2021-10-08,53963.82,53951.43,0.022965100276302997
2021-10-09,54962.29,54949.72,0.022875457782131937
2021-10-10,54690.53,54659.0,0.05768491922647476
2021-10-11,57487.44,57471.35,0.02799655828513474
2021-10-12,56005.1,55996.93,0.014590085563616172
2021-10-13,57367.32,57367.0,0.0005578119824981417
2021-10-14,57359.51,57347.94,0.02017509260140767
2021-10-15,61695.39,61672.42,0.0372451737746
2021-10-16,60877.42,60875.57,0.003038985918322481
2021-10-17,61527.11,61528.33,-0.001982826447591157
2021-10-18,62042.41,62009.84,0.05252392200980842
2021-10-19,64303.14,64280.59,0.03508057408932138
2021-10-20,66026.54,66001.41,0.03807494415648106
2021-10-21,62204.02,62193.15,0.017477809051310866
2021-10-22,60687.64,60688.22,-0.0009557044184221356
2021-10-23,61300.01,61286.75,0.021635997993044234
2021-10-24,60854.48,60852.22,0.0037139154495958197
2021-10-25,63083.54,63078.78,0.007546119313027356
2021-10-26,60337.62,60328.81,0.014603304789212564
2021-10-27,58455.47,58413.44,0.07195261912326827
2021-10-28,60591.65,60575.89,0.026016951628778442
2021-10-29,62276.72,62253.71,0.0369616525665732
2021-10-30,61892.41,61859.19,0.05370261071960555
2021-10-31,61343.68,61299.8,0.07158261527769647
2021-11-01,60949.54,60911.11,0.06309193840007232
2021-11-02,63266.51,63219.99,0.07358432040246143
2021-11-03,62935.41,62896.48,0.06189535567014289
2021-11-04,61444.5,61395.01,0.08060915699826086
2021-11-05,61006.15,60937.12,0.1132807064068647
2021-11-06,61539.31,61470.61,0.11176072597945114
2021-11-07,63309.13,63273.59,0.05616877436541988
2021-11-08,67554.84,67525.83,0.042961337905798064
2021-11-09,66944.66,66947.66,-0.004481112558676435
2021-11-10,64912.2,64882.43,0.045882991743676674
2021-11-11,64807.59,64774.26,0.05145562450268744
2021-11-12,64147.9,64122.23,0.04003291838103299
2021-11-13,64400.01,64380.0,0.031081081081084247
2021-11-14,65505.02,65519.1,-0.02148991668078735
2021-11-15,63624.59,63606.74,0.028063063757077546
2021-11-16,60107.98,60058.87,0.08176977022711313
2021-11-17,60351.51,60344.87,0.011003420837594674
2021-11-18,56898.0,56891.62,0.011214305375725599
2021-11-19,58122.16,58052.24,0.12044324215569552
2021-11-20,59760.76,59707.51,0.08918476084499252
2021-11-21,58671.21,58622.02,0.08391044866758657
2021-11-22,56280.81,56247.18,0.059789664121823315
2021-11-23,57566.85,57541.27,0.04445504939324722
2021-11-24,57162.66,57138.29,0.04265090887389633
2021-11-25,58987.27,58960.36,0.045640833943341286
2021-11-26,53757.67,53726.53,0.0579601921062079
2021-11-27,54759.05,54721.03,0.06947968632901112
2021-11-28,57317.17,57274.88,0.07383690720958451
2021-11-29,57838.06,57776.25,0.10698167499620981
2021-11-30,56987.97,56950.56,0.06568855512571517
2021-12-01,57226.5,57184.07,0.07419898583644062
2021-12-02,56521.46,56480.34,0.07280409430963522
2021-12-03,53638.04,53601.05,0.069009842157939
2021-12-04,49241.12,49152.47,0.18035716211210026
2021-12-05,49484.22,49396.33,0.17792819830946838
2021-12-06,50529.56,50441.92,0.17374437769220408
2021-12-07,50625.48,50588.95,0.07220944494797009
2021-12-08,50519.68,50471.19,0.09607461207076345
2021-12-09,47568.43,47545.59,0.0480381040597115
2021-12-10,47170.94,47140.54,0.06448801816865368
2021-12-11,49407.75,49389.99,0.03595870337289406
2021-12-12,50089.64,50053.9,0.07140302753631178
2021-12-13,46727.89,46702.75,0.05382980659597008
2021-12-14,48367.43,48343.28,0.049955236798168136
2021-12-15,48884.78,48864.98,0.040519816031840454
2021-12-16,47634.22,47632.38,0.0038629184600974874
2021-12-17,46166.5,46131.2,0.07652087957825271
2021-12-18,46859.46,46834.48,0.053336772395030166
2021-12-19,46687.19,46681.23,0.012767444216870734
2021-12-20,46926.07,46914.16,0.025386791535852323
2021-12-21,48914.7,48889.88,0.050767152629541554
2021-12-22,48608.62,48588.16,0.0421090240914641
2021-12-23,50842.2,50838.81,0.0066681340495566635
2021-12-24,50851.38,50820.0,0.06174734356552023
2021-12-25,50428.31,50399.66,0.056845621577594325
2021-12-26,50801.79,50775.49,0.05179664440461906
2021-12-27,50717.77,50701.44,0.0322081581903679
2021-12-28,47543.09,47543.74,-0.0013671621121970111
2021-12-29,46471.24,46464.66,0.01416130022256586
2021-12-30,47122.08,47120.87,0.002567864303012926
2021-12-31,46211.24,46216.93,-0.012311505762071016
2022-01-01,47733.43,47722.65,0.022588854558577186
2022-01-02,47299.07,47286.18,0.027259550253370894
2022-01-03,46459.56,46446.1,0.02897982823100137
2022-01-04,45814.61,45832.01,-0.037964732509007254
2022-01-05,43436.04,43451.13,-0.0347286710380064
2022-01-06,43083.76,43082.31,0.0033656505419611105
2022-01-07,41565.18,41566.48,-0.003127520059439506
2022-01-08,41684.84,41679.74,0.012236160782189488
2022-01-09,41876.52,41864.62,0.028424956442920486
2022-01-10,41824.07,41822.49,0.0037778716666600825
2022-01-11,42753.44,42729.29,0.05651860819592709
2022-01-12,43920.37,43902.66,0.04033924140359405
2022-01-13,42581.65,42560.11,0.05061077144772622
2022-01-14,43090.72,43059.96,0.07143527304716966
2022-01-15,43098.2,43084.29,0.03228555002298104
2022-01-16,43104.34,43071.66,0.07587355583693085
2022-01-17,42218.01,42201.62,0.038837371645921215
2022-01-18,42369.74,42352.12,0.04160358442504258
2022-01-19,41674.27,41660.01,0.03422946849987497
2022-01-20,40670.97,40680.91,-0.02443406501969186
2022-01-21,36456.94,36445.31,0.0319108274837137
2022-01-22,35066.43,35071.42,-0.01422810938364618
2022-01-23,36282.47,36244.55,0.10462262602239027
2022-01-24,36693.32,36660.35,0.08993367493764017
2022-01-25,36980.0,36958.32,0.058660675052330004
2022-01-26,36840.63,36809.34,0.08500559912239904
2022-01-27,37188.37,37160.1,0.07607622153870434
2022-01-28,37741.9,37716.56,0.0671853424596617
2022-01-29,38191.1,38166.84,0.06356303010676818
2022-01-30,37901.35,37881.76,0.05171354234860394
2022-01-31,38491.93,38466.9,0.06506892939123983
2022-02-01,38716.88,38694.59,0.05760495201008946
2022-02-02,36923.39,36896.36,0.07325925917895108
2022-02-03,37329.91,37311.61,0.0490463960145459
2022-02-04,41614.64,41574.25,0.09715148198704587
2022-02-05,41404.85,41382.59,0.0537907366358704
2022-02-06,42415.16,42380.87,0.08090914603688143
2022-02-07,43868.07,43839.99,0.06405110950071327
2022-02-08,44085.59,44042.99,0.09672367838786274
2022-02-09,44416.35,44372.72,0.09832617878732108
2022-02-10,43527.71,43495.44,0.07419168538126479
2022-02-11,42386.47,42373.73,0.030065797842196006
2022-02-12,42244.97,42217.87,0.06419082724921589
2022-02-13,42074.99,42053.66,0.05072091228205695
2022-02-14,42548.71,42535.94,0.030021671085667317
2022-02-15,44583.52,44544.86,0.08678891346834677
2022-02-16,43895.56,43873.56,0.05014409589739242
2022-02-17,40536.73,40515.7,0.051905804416574594
2022-02-18,39983.56,39974.44,0.022814578515659864
2022-02-19,40101.94,40079.17,0.05681255375299457
2022-02-20,38389.03,38386.89,0.005574819945037011
2022-02-21,37023.0,37008.16,0.04009926459460969
2022-02-22,38251.48,38230.33,0.05532256718684211
2022-02-23,37268.19,37250.01,0.04880535602540856
2022-02-24,38347.3,38327.21,0.052417068709159326
2022-02-25,39238.48,39219.17,0.04923612610874975
2022-02-26,39137.8,39116.72,0.053889998956972225
2022-02-27,37717.08,37699.07,0.047773061775799874
2022-02-28,43192.66,43160.0,0.07567191844301087
2022-03-01,44439.95,44421.2,0.04220957560804301
2022-03-02,43912.34,43892.98,0.04410728093648074
2022-03-03,42464.41,42454.0,0.024520657652997345
2022-03-04,39166.51,39148.66,0.04559543034167336
2022-03-05,39402.43,39397.96,0.011345765110683814
2022-03-06,38408.38,38420.81,-0.03235225910125344
2022-03-07,37994.0,37988.0,0.015794461408865958
2022-03-08,38749.38,38730.63,0.04841129617566252
2022-03-09,41953.97,41941.71,0.029231044704667593
2022-03-10,39433.71,39422.0,0.02970422606666107
2022-03-11,38732.04,38729.57,0.006377555960474552
2022-03-12,38813.02,38807.36,0.014584862252923714
2022-03-13,37793.01,37777.34,0.04147989244347414
2022-03-14,39674.17,39671.37,0.007057986653840375
2022-03-15,39298.1,39280.33,0.045238927473360835
2022-03-16,41127.97,41114.0,0.03397869338911603
2022-03-17,40950.33,40917.9,0.07925626681721273
2022-03-18,41774.98,41757.51,0.041836785766203886
2022-03-19,42232.26,42201.13,0.07376579726657713
2022-03-20,41287.24,41262.11,0.06090333237926364
2022-03-21,41017.71,41002.25,0.037705247882736014
2022-03-22,42378.26,42364.13,0.03335368860402576
2022-03-23,42899.71,42882.76,0.039526373768845775
2022-03-24,44012.29,43991.46,0.0473500993147346
2022-03-25,44331.85,44313.16,0.04217708689697384
2022-03-26,44539.42,44511.27,0.06324241029294705
2022-03-27,46850.01,46827.76,0.04751455119783649
2022-03-28,47144.92,47122.21,0.04819383471191
2022-03-29,47454.19,47434.8,0.04087716191487983
2022-03-30,47078.03,47067.99,0.021330845018027907
2022-03-31,45528.45,45510.34,0.03979315469847201
2022-04-01,46296.34,46283.49,0.02776367987807001
2022-04-02,45826.27,45811.0,0.033332605706046146
2022-04-03,46422.16,46407.35,0.031913048256375226
2022-04-04,46596.83,46580.51,0.03503611274329051
2022-04-05,45506.5,45497.55,0.019671388898956293
2022-04-06,43166.7,43170.47,-0.008732821301236874
2022-04-07,43452.18,43444.19,0.018391412062229637
2022-04-08,42262.02,42252.01,0.02369118060891011
2022-04-09,42766.93,42753.97,0.03031297444424255
2022-04-10,42165.96,42158.85,0.01686478639716354
2022-04-11,39535.87,39530.45,0.013710949407369584
2022-04-12,40086.23,40074.94,0.028172219347055473
2022-04-13,41146.68,41147.79,-0.0026975932364789994
2022-04-14,39954.08,39942.38,0.029292195407495412
2022-04-15,40554.58,40551.9,0.006608814876738922
2022-04-16,40387.6,40378.71,0.022016552782393044
2022-04-17,39683.54,39678.12,0.013659921387400041
2022-04-18,40803.58,40801.13,0.006004735653165404
2022-04-19,41503.85,41493.18,0.025715069319821364
2022-04-20,41377.61,41358.19,0.04695563321315138
2022-04-21,40480.81,40480.01,0.001976284096756978
2022-04-22,39712.25,39709.18,0.007731209760563449
2022-04-23,39465.87,39441.6,0.06153401484727819
2022-04-24,39464.56,39450.13,0.03657782623276601
2022-04-25,40439.22,40426.08,0.032503769843624256
2022-04-26,38113.82,38112.65,0.003069846888102123
2022-04-27,39251.11,39235.72,0.039224461791447736
2022-04-28,39743.22,39742.07,0.0028936590368882527
2022-04-29,38593.1,38596.11,-0.007798713393660753
2022-04-30,37644.1,37630.8,0.035343388926080854
2022-05-01,38473.05,38468.35,0.012217836221216574
2022-05-02,38510.89,38525.16,-0.03704072870821062
2022-05-03,37719.59,37728.95,-0.024808535620526366
2022-05-04,39669.56,39690.0,-0.0514991181657907
2022-05-05,36537.22,36552.97,-0.04308815398584574
2022-05-06,35999.1,36013.77,-0.04073441908469526
2022-05-07,35458.0,35472.39,-0.04056676192384956
2022-05-08,34027.91,34038.4,-0.030818134812441132
2022-05-09,30078.27,30076.31,0.006516756876089942
2022-05-10,31002.39,31017.1,-0.04742545241173136
2022-05-11,28972.34,29103.94,-0.45217245500093306
2022-05-12,28941.95,29029.75,-0.30244835039915696
2022-05-13,29232.18,29287.05,-0.18735243051109274
2022-05-14,30041.88,30086.74,-0.14910222908829796
2022-05-15,31290.05,31328.89,-0.12397502752252042
2022-05-16,29839.89,29874.01,-0.11421298981957556
2022-05-17,30412.12,30444.93,-0.10776835420545
2022-05-18,28672.94,28715.32,-0.14758672374189463
2022-05-19,30274.59,30319.23,-0.14723329055520018
2022-05-20,29155.75,29201.01,-0.1549946388840605
2022-05-21,29408.26,29445.06,-0.12497851931700227
2022-05-22,30260.87,30293.94,-0.10916374694080634
2022-05-23,29082.52,29109.15,-0.09148326213579241
2022-05-24,29626.44,29654.58,-0.09489259331949079
2022-05-25,29503.49,29542.15,-0.13086386738947522
2022-05-26,29166.06,29201.35,-0.12085057711371987
2022-05-27,28598.31,28629.8,-0.10999028983785414
2022-05-28,29008.99,29031.33,-0.07695134876700498
2022-05-29,29447.07,29468.1,-0.07136530689117669
2022-05-30,31711.42,31734.22,-0.07184673201358946
2022-05-31,31784.05,31801.04,-0.05342592569300124
2022-06-01,29788.79,29805.83,-0.057170023448435664
2022-06-02,30433.75,30452.62,-0.061965111704671
2022-06-03,29670.85,29700.21,-0.0988545198838681
2022-06-04,29843.18,29864.04,-0.06984989304863166
2022-06-05,29901.54,29919.21,-0.05905904601090154
2022-06-06,31343.61,31373.1,-0.09399772416496287
2022-06-07,31106.9,31125.33,-0.05921222361337306
2022-06-08,30177.0,30204.77,-0.09193912087395611
2022-06-09,30079.62,30109.93,-0.1006644651781034
2022-06-10,29063.11,29091.88,-0.098893574426955
2022-06-11,28388.63,28424.7,-0.12689667788929948
2022-06-12,26555.2,26574.53,-0.07273882172139304
2022-06-13,22460.97,22487.41,-0.11757690191977951
2022-06-14,22120.25,22136.41,-0.073001900488832
2022-06-15,22562.33,22583.72,-0.09471424548302679
2022-06-16,20372.0,20401.31,-0.14366724489751545
2022-06-17,20447.86,20468.81,-0.10235084501737388
2022-06-18,18948.89,18970.79,-0.11544063267792988
2022-06-19,20552.44,20574.0,-0.10479245649849961
2022-06-20,20549.75,20573.89,-0.11733318298095022
2022-06-21,20696.96,20723.52,-0.1281635552261455
2022-06-22,19968.46,19987.99,-0.09770867405878467
2022-06-23,21104.45,21110.13,-0.026906513602712494
2022-06-24,21223.72,21237.69,-0.06577928202171482
2022-06-25,21478.04,21491.19,-0.06118786349196028
2022-06-26,21027.92,21038.07,-0.04824587046245903
2022-06-27,20725.17,20742.56,-0.08383728912922539
2022-06-28,20252.89,20281.29,-0.14003054046365618
2022-06-29,20094.79,20123.01,-0.14023746944417126
2022-06-30,19985.62,19942.21,0.2176789834225989
2022-07-01,19252.76,19279.8,-0.14025041753545614
2022-07-02,19224.03,19252.81,-0.14948467262702156
2022-07-03,19291.33,19315.83,-0.12683897093730892
2022-07-04,20211.35,20236.71,-0.12531681286138202
2022-07-05,20153.51,20175.83,-0.1106274190454784
2022-07-06,20542.67,20564.51,-0.1062023845936526
2022-07-07,21614.6,21624.98,-0.04800004439310935
2022-07-08,21582.2,21594.75,-0.05811597726298879
2022-07-09,21583.99,21591.83,-0.03631003022902711
2022-07-10,20850.65,20862.47,-0.05665676211876977
2022-07-11,19942.43,19963.61,-0.10609303627951203
2022-07-12,19303.65,19328.75,-0.1298583715967072
2022-07-13,20220.23,20234.87,-0.07235035362223438
2022-07-14,20577.02,20588.84,-0.05740974236527997
2022-07-15,20827.55,20830.04,-0.011953889670886857
2022-07-16,21189.68,21195.6,-0.0279303251618178
2022-07-17,20791.74,20798.16,-0.030868115256341203
2022-07-18,22427.56,22432.58,-0.022378166042427736
2022-07-19,23395.06,23396.62,-0.006667629768734423
2022-07-20,23226.99,23223.3,0.015889214711097596
2022-07-21,23153.96,23152.19,0.007645065110473077
2022-07-22,22687.68,22684.83,0.012563462014035567
2022-07-23,22450.69,22451.07,-0.0016925696637221238
2022-07-24,22583.43,22579.68,0.0166078527242193
2022-07-25,21313.41,21310.9,0.011778010313963272
2022-07-26,21261.57,21254.67,0.032463453913899654
2022-07-27,22962.59,22952.45,0.04417829033501616
2022-07-28,23851.7,23842.93,0.03678239209694629
2022-07-29,23784.5,23773.75,0.04521793995478206
2022-07-30,23650.13,23643.51,0.027999226849154884
2022-07-31,23307.44,23293.32,0.06061823733155678
2022-08-01,23273.86,23268.01,0.025141814878032902
2022-08-02,22989.4,22987.79,0.0070037180607643535
2022-08-03,22825.0,22818.37,0.02905553727107159
2022-08-04,22623.94,22622.98,0.004243472787400806
2022-08-05,23320.81,23312.42,0.03598939964192073
2022-08-06,22960.93,22954.21,0.029275675355419178
2022-08-07,23177.39,23174.39,0.012945324558704674
2022-08-08,23815.65,23810.0,0.023729525409497923
2022-08-09,23158.27,23149.95,0.03593960246134315
2022-08-10,23962.18,23954.05,0.033939980921810796
2022-08-11,23944.86,23934.39,0.04374458676407113
2022-08-12,24415.18,24403.68,0.04712404030867476
2022-08-13,24456.49,24441.38,0.06182138651745761
2022-08-14,24316.71,24305.24,0.047191469822958035
2022-08-15,24097.82,24094.82,0.012450808929056121
2022-08-16,23857.93,23854.74,0.013372604354516923
2022-08-17,23341.17,23342.66,-0.006383162844344221
2022-08-18,23189.46,23191.2,-0.0075028459070751
2022-08-19,20834.94,20834.39,0.0026398661059876117
2022-08-20,21139.23,21140.07,-0.003973496776501428
2022-08-21,21518.62,21515.61,0.013989842723484944
2022-08-22,21398.25,21399.83,-0.007383236221978147
2022-08-23,21528.34,21529.12,-0.0036229999182448513
2022-08-24,21367.12,21368.08,-0.004492682543320527
2022-08-25,21561.86,21559.04,0.013080359793384625
2022-08-26,20240.72,20241.05,-0.0016303502041549636
2022-08-27,20036.69,20037.6,-0.004541462051342748
2022-08-28,19554.03,19555.61,-0.00807952296042796
2022-08-29,20286.97,20285.73,0.006112671321177994
2022-08-30,19813.17,19811.66,0.007621774248086225
2022-08-31,20048.26,20050.02,-0.008778046106697336
2022-09-01,20133.65,20131.46,0.010878495648116571
2022-09-02,19953.74,19951.86,0.009422680391707934
2022-09-03,19835.47,19831.9,0.01800130093435177
2022-09-04,20004.73,20000.3,0.02214966775498513
2022-09-05,19794.58,19796.84,-0.011415963355759805
2022-09-06,18790.91,18790.61,0.0015965421026740078
2022-09-07,19293.52,19292.84,0.0035246236427622425
2022-09-08,19321.87,19319.77,0.010869694618510183
2022-09-09,21364.5,21360.11,0.02055232861628249
2022-09-10,21651.52,21648.34,0.014689348005437327
2022-09-11,21831.72,21826.87,0.02222031835074009
2022-09-12,22402.71,22395.74,0.031121990164189824
2022-09-13,20174.78,20173.57,0.0059979468185310135
2022-09-14,20227.77,20226.71,0.005240595232745759
2022-09-15,19703.67,19701.88,0.00908542738052021
2022-09-16,19801.04,19803.3,-0.011412239374237625
2022-09-17,20113.37,20113.62,-0.0012429388643118444
2022-09-18,19417.64,19416.18,0.007519501776349039
2022-09-19,19540.38,19537.02,0.01719811926281788
2022-09-20,18876.91,18875.0,0.010119205298012473
2022-09-21,18462.64,18461.36,0.006933400356197137
2022-09-22,19401.25,19401.63,-0.0019585983239605053
2022-09-23,19286.01,19289.91,-0.020217823722357725
2022-09-24,18923.2,18920.5,0.014270235987424896
2022-09-25,18808.61,18807.38,0.006539985899150032
2022-09-26,19228.0,19227.82,0.0009361435669789453
2022-09-27,19077.57,19079.13,-0.00817647345555751
2022-09-28,19412.07,19412.82,-0.003863426333732039
2022-09-29,19595.57,19591.51,0.020723262270245173
2022-09-30,19426.11,19422.61,0.01802023517951501
2022-10-01,19315.27,19310.95,0.022370727488806655
2022-10-02,19059.17,19056.8,0.012436505604293383
2022-10-03,19633.46,19629.08,0.022313832334461832
2022-10-04,20345.19,20337.82,0.03623790553755998
2022-10-05,20161.62,20158.26,0.016668105282899328
2022-10-06,19965.64,19960.67,0.024898963812342793
2022-10-07,19533.05,19530.09,0.015156100151095704
2022-10-08,19419.39,19417.96,0.007364316333952131
2022-10-09,19443.47,19439.02,0.022892100527705243
2022-10-10,19132.83,19131.87,0.005017805368752583
2022-10-11,19058.11,19060.0,-0.00991605456453
2022-10-12,19155.92,19155.53,0.002035965593222521
2022-10-13,19378.65,19375.13,0.0181676200366162
2022-10-14,19178.0,19176.93,0.00557962092993878
2022-10-15,19070.24,19069.39,0.0044574052971919015
2022-10-16,19264.44,19262.98,0.007579304967347352
2022-10-17,19550.4,19549.86,0.0027621681178324198
2022-10-18,19328.76,19327.44,0.006829668078129897
2022-10-19,19124.18,19123.97,0.0010980983550963888
2022-10-20,19042.48,19041.92,0.00294087991127633
2022-10-21,19166.45,19164.37,0.010853474442424908
2022-10-22,19209.1,19204.35,0.024733979541093555
2022-10-23,19572.44,19570.4,0.01042390548990943
2022-10-24,19330.41,19329.72,0.0035696326692714136
2022-10-25,20086.28,20080.07,0.0309261870102999
2022-10-26,20775.4,20771.59,0.0183423608881232
2022-10-27,20296.97,20295.11,0.009164769247373293
2022-10-28,20597.91,20591.84,0.029477696019392676
2022-10-29,20823.53,20809.67,0.06660365109105806
2022-10-30,20630.68,20627.48,0.015513286160019195
2022-10-31,20489.94,20490.74,-0.0039042025812777398
2022-11-01,20479.63,20483.62,-0.019478978813305278
2022-11-02,20151.4,20151.84,-0.002183423449167373
2022-11-03,20206.88,20207.82,-0.00465166455361682
2022-11-04,21144.2,21148.52,-0.020426961319277702
2022-11-05,21300.45,21299.37,0.005070572509899336
2022-11-06,20909.17,20905.58,0.017172448695499037
2022-11-07,20593.49,20591.13,0.011461245691715714
2022-11-08,18550.25,18547.23,0.016282754891164
2022-11-09,15891.96,15922.81,-0.1937472091923496
2022-11-10,17553.89,17601.15,-0.26850518289999253
2022-11-11,17013.62,17070.31,-0.33209707380828074
2022-11-12,16783.33,16812.08,-0.17100798949326912
2022-11-13,16301.39,16329.85,-0.17428206627740578
2022-11-14,16590.73,16619.46,-0.17286963595688165
2022-11-15,16877.93,16900.57,-0.13395997886461472
2022-11-16,16645.24,16662.76,-0.10514464590498093
2022-11-17,16680.47,16692.56,-0.07242747667224288
2022-11-18,16680.59,16700.45,-0.11891895128574728
2022-11-19,16683.02,16700.68,-0.10574419724226711
2022-11-20,16252.53,16280.23,-0.17014501637875454
2022-11-21,15760.14,15781.29,-0.13401946228731274
2022-11-22,16199.71,16226.94,-0.16780736232463658
2022-11-23,16587.0,16603.11,-0.09703001425636873
2022-11-24,16587.61,16598.95,-0.06831757430439965
2022-11-25,16510.9,16522.14,-0.06802992832646354
2022-11-26,16450.93,16458.57,-0.04641958566266339
2022-11-27,16419.88,16428.78,-0.0541732252790397
2022-11-28,16206.3,16212.91,-0.04076997898588583
2022-11-29,16438.0,16442.53,-0.027550504697262748
2022-11-30,17167.33,17163.64,0.02149893612312032
2022-12-01,16980.08,16977.37,0.01596242527554483
2022-12-02,17094.71,17092.74,0.011525361059710299
2022-12-03,16888.53,16885.2,0.01972141283489747
2022-12-04,17108.9,17105.7,0.018707214554217175
2022-12-05,16966.05,16966.35,-0.001768205889889531
2022-12-06,17089.05,17088.96,0.0005266558058544553
2022-12-07,16840.0,16836.64,0.019956475876425357
2022-12-08,17226.01,17224.1,0.011089113509558437
2022-12-09,17130.59,17128.56,0.011851550860077179
2022-12-10,17128.1,17127.49,0.0035615259445309503
2022-12-11,17085.21,17085.05,0.0009364912599018118
2022-12-12,17211.66,17209.83,0.010633457738967253
2022-12-13,17773.18,17774.7,-0.0085514804750597
2022-12-14,17804.97,17803.15,0.010222909990646087
2022-12-15,17357.96,17356.34,0.009333765067975053
2022-12-16,16632.64,16632.12,0.003126480568925889
2022-12-17,16782.25,16776.52,0.03415487836571329
2022-12-18,16741.16,16738.21,0.017624345733508708
2022-12-19,16439.74,16438.88,0.005231499956204936
2022-12-20,16897.65,16895.56,0.012370113805047867
2022-12-21,16826.56,16824.67,0.011233504134125995
2022-12-22,16815.51,16821.43,-0.0351932029560025
2022-12-23,16777.21,16778.5,-0.007688410763780273
2022-12-24,16837.12,16836.12,0.005939610789184206
2022-12-25,16829.02,16832.11,-0.018357769762674704
2022-12-26,16917.96,16919.39,-0.008451841348891959
2022-12-27,16698.73,16706.36,-0.04567122940006691
2022-12-28,16539.66,16547.31,-0.04623107925095653
2022-12-29,16627.54,16633.47,-0.035651009681084526
2022-12-30,16600.1,16607.48,-0.04443780754214979
2022-12-31,16530.35,16542.4,-0.0728431182899876
2023-01-01,16611.58,16616.75,-0.031113183986027675
2023-01-02,16666.95,16672.87,-0.03550678437484521
2023-01-03,16669.47,16675.18,-0.034242508926435135
2023-01-04,16844.42,16850.36,-0.03525147237211744
2023-01-05,16825.69,16831.85,-0.03659728431515166
2023-01-06,16948.06,16950.65,-0.015279650042919566
2023-01-07,16942.37,16943.57,-0.007082332707928303
2023-01-08,17125.18,17127.83,-0.015471895739281946
2023-01-09,17177.98,17178.26,-0.0016299671794398028
2023-01-10,17443.5,17440.66,0.016283787425476707
2023-01-11,17944.27,17943.26,0.005628854511398917
2023-01-12,18847.75,18846.62,0.005995770063815255
2023-01-13,19934.88,19930.01,0.024435512074517874
2023-01-14,20957.02,20954.92,0.010021512847589889
2023-01-15,20879.7,20871.5,0.03928802433941369
2023-01-16,21187.5,21185.65,0.00873232589039536
2023-01-17,21136.33,21134.81,0.0071919264947280645
2023-01-18,20674.29,20677.47,-0.015379057495913624
2023-01-19,21084.22,21071.59,0.05993852386080509
2023-01-20,22669.81,22667.21,0.01147031328514706
2023-01-21,22789.37,22783.55,0.025544746099706625
2023-01-22,22714.87,22707.88,0.030782265891831216
2023-01-23,22920.29,22916.45,0.016756522061663764
2023-01-24,22636.17,22632.89,0.014492183720235622
2023-01-25,23062.36,23060.94,0.006157598085775739
2023-01-26,23010.47,23009.65,0.0035637221774329855
2023-01-27,23084.4,23074.16,0.04437864693666682
2023-01-28,23028.95,23022.6,0.02758159373833617
2023-01-29,23745.8,23742.3,0.014741621494126517
2023-01-30,22836.03,22826.15,0.04328368997836858
2023-01-31,23128.86,23125.13,0.01612963905500018
2023-02-01,23735.97,23732.66,0.01394702490155469
2023-02-02,23493.84,23488.94,0.020860881759676916
2023-02-03,23433.54,23431.9,0.0069990056290758235
2023-02-04,23328.87,23326.84,0.00870242175965041
2023-02-05,22936.34,22932.91,0.014956671438558347
2023-02-06,22764.07,22762.52,0.00680943937665633
2023-02-07,23244.67,23240.46,0.01811495985879422
2023-02-08,22964.38,22963.0,0.006009667726346813
2023-02-09,21800.63,21796.35,0.01963631525462967
2023-02-10,21628.97,21625.19,0.01747961520801655
2023-02-11,21863.73,21862.55,0.0053973575818021735
2023-02-12,21789.8,21783.54,0.028737294305693193
2023-02-13,21789.14,21773.97,0.06967034491182937
2023-02-14,22206.27,22199.84,0.028964172714759616
2023-02-15,24329.04,24324.05,0.02051467580440593
2023-02-16,23516.15,23517.72,-0.0066758172135721865
2023-02-17,24577.6,24569.97,0.03105416897129862
2023-02-18,24636.23,24631.95,0.017375806625130514
2023-02-19,24281.31,24271.76,0.039346137239338684
2023-02-20,24844.97,24842.2,0.011150381206175123
2023-02-21,24454.43,24452.16,0.009283433447190091
2023-02-22,24184.44,24182.21,0.009221655092729587
2023-02-23,23943.32,23940.2,0.013032472577501363
2023-02-24,23186.88,23185.29,0.006857796473540532
2023-02-25,23159.71,23157.07,0.011400406009911521
2023-02-26,23556.83,23554.85,0.008405912158231539
2023-02-27,23489.52,23492.09,-0.01093985252057058
2023-02-28,23145.32,23141.57,0.016204604959819062
2023-03-01,23631.52,23628.97,0.010791837308182593
2023-03-02,23468.24,23465.32,0.012443895928126664
2023-03-03,22358.18,22354.34,0.01717787239524918
2023-03-04,22350.95,22346.57,0.019600323450091082
2023-03-05,22432.69,22430.24,0.010922754281706703
2023-03-06,22410.31,22410.0,0.0013833110218710828
2023-03-07,22198.48,22197.96,0.0023425576043944424
2023-03-08,21698.37,21705.44,-0.032572479525868676
2023-03-09,20367.01,20362.22,0.02352395760382333
2023-03-10,20230.08,20150.69,0.39398154604136665
2023-03-11,20620.54,20455.73,0.8056911193098526
2023-03-12,22219.08,21997.11,1.0090871028057828
2023-03-13,24220.0,24113.48,0.44174461753343125
2023-03-14,24762.65,24670.41,0.37388920573270407
2023-03-15,24377.16,24285.66,0.3767655480641663
2023-03-16,25051.85,24998.78,0.2122903597695556
2023-03-17,27453.62,27395.13,0.21350510108912774
2023-03-18,26980.35,26907.49,0.27077962307148284
2023-03-19,28054.46,27972.87,0.2916754698391697
2023-03-20,27823.32,27717.01,0.3835550804361701
2023-03-21,28207.33,28105.47,0.3624205537213951
2023-03-22,27325.15,27250.97,0.2722104937915982
2023-03-23,28352.94,28295.41,0.20331919558684194
2023-03-24,27489.24,27454.47,0.12664604343118055
2023-03-25,27488.18,27462.95,0.09186922745007205
2023-03-26,27992.9,27968.05,0.08885138577770772
2023-03-27,27142.87,27124.91,0.06621220125707007
2023-03-28,27274.15,27261.07,0.0479805084686762
2023-03-29,28359.54,28348.6,0.03859097098270225
2023-03-30,28035.48,28028.53,0.024796163052435243
2023-03-31,28474.4,28465.36,0.03175789802061479
2023-04-01,28471.46,28452.73,0.0658284811334433
2023-04-02,28188.34,28171.87,0.05846257277206364
2023-04-03,27811.77,27800.0,0.04233812949640445
2023-04-04,28179.64,28165.47,0.05030982973122143
2023-04-05,28175.37,28170.01,0.01902732728884577
2023-04-06,28053.46,28033.82,0.07005823680111886
2023-04-07,27931.94,27906.33,0.0917712934663818
2023-04-08,27958.81,27938.38,0.07312521341609746
2023-04-09,28340.99,28323.76,0.06083231887292931
2023-04-10,29660.41,29637.34,0.07784099382738029
2023-04-11,30227.19,30200.42,0.08864115134822774
2023-04-12,29912.2,29888.07,0.08073455395413963
2023-04-13,30406.78,30373.84,0.10844858602007086
2023-04-14,30492.92,30466.93,0.08530560840884842
2023-04-15,30324.11,30295.09,0.09579110014197165
2023-04-16,30326.09,30304.65,0.07074821850771644
2023-04-17,29449.91,29430.27,0.06673401229414279
2023-04-18,30393.4,30380.01,0.04407503486668719
2023-04-19,28809.72,28797.1,0.0438238572634141
2023-04-20,28248.18,28243.65,0.0160390034574102
2023-04-21,27253.85,27262.84,-0.032975287974406194
2023-04-22,27821.41,27816.85,0.016392941688226057
2023-04-23,27592.98,27590.6,0.008626126289392107
2023-04-24,27515.05,27510.93,0.01497586595581822
2023-04-25,28304.42,28300.79,0.012826497069507179
2023-04-26,28426.08,28415.29,0.03797251409364773
2023-04-27,29483.72,29472.77,0.03715293811881519
2023-04-28,29338.63,29311.7,0.0918745756813842
2023-04-29,29249.35,29230.45,0.06465860087681789
2023-04-30,29247.14,29233.21,0.04765128427565871
2023-05-01,28077.27,28068.26,0.032100315445282454
2023-05-02,28684.4,28669.86,0.05071528078616663
2023-05-03,29038.75,29026.16,0.043374666163213275
2023-05-04,28857.23,28838.16,0.0661276586300919
2023-05-05,29536.76,29505.61,0.10557314354794839
2023-05-06,28902.66,28848.2,0.18878127578150153
2023-05-07,28474.53,28430.1,0.15627802927179396
2023-05-08,27695.06,27668.79,0.09494452052294457
2023-05-09,27647.29,27628.27,0.06884252977113817
2023-05-10,27624.01,27598.75,0.09152588432446541
2023-05-11,26986.56,26968.62,0.06652175750929165
2023-05-12,26808.84,26795.01,0.051614087846960116
2023-05-13,26789.48,26775.28,0.05303399254835329
2023-05-14,26929.98,26917.62,0.04591787832654069
2023-05-15,27171.13,27162.14,0.033097539442774396
2023-05-16,27037.68,27033.84,0.014204419349970798
2023-05-17,27407.77,27405.61,0.007881597964795728
2023-05-18,26820.49,26821.28,-0.0029454224406785775
2023-05-19,26890.27,26880.26,0.037239223132521926
2023-05-20,27113.61,27102.43,0.041250913663462244
2023-05-21,26752.65,26747.78,0.0182071184973206
2023-05-22,26854.73,26849.27,0.020335748420717312
2023-05-23,27223.22,27219.61,0.013262497148197869
2023-05-24,26321.4,26329.01,-0.028903479469972265
2023-05-25,26479.06,26473.79,0.01990648108941121
2023-05-26,26714.86,26705.92,0.033475723734671295
2023-05-27,26867.99,26854.27,0.05109057144357737
2023-05-28,28070.04,28065.0,0.017958311063605462
2023-05-29,27744.82,27736.4,0.030357220115077133
2023-05-30,27700.15,27694.4,0.020762320180253046
2023-05-31,27223.08,27210.35,0.04678366871430614
2023-06-01,26828.42,26817.93,0.03911562152633691
2023-06-02,27250.69,27242.59,0.029732855796745263
2023-06-03,27077.6,27069.22,0.030957670741888314
2023-06-04,27122.04,27115.21,0.02518881469109679
2023-06-05,25741.5,25728.2,0.051694249889223776
2023-06-06,27243.63,27230.08,0.04976114649681261
2023-06-07,26346.41,26339.34,0.026841978576531186
2023-06-08,26508.32,26498.61,0.03664343148564821
2023-06-09,26482.81,26477.81,0.01888373698580056
2023-06-10,25856.1,25841.21,0.0576211408057108
2023-06-11,25937.02,25925.55,0.044242070081449245
2023-06-12,25905.82,25905.19,0.0024319451044405335
2023-06-13,25930.23,25934.25,-0.01550073744180162
2023-06-14,25123.34,25128.6,-0.020932324124696162
2023-06-15,25569.99,25598.49,-0.11133469200722386
2023-06-16,26329.6,26345.0,-0.058455114822552494
2023-06-17,26506.56,26516.99,-0.03933327274324986
2023-06-18,26336.46,26339.97,-0.013325755496312399
2023-06-19,26837.78,26844.35,-0.02447442385455304
2023-06-20,28320.43,28307.99,0.04394519003291541
2023-06-21,29995.08,29993.89,0.003967474709023499
2023-06-22,29886.31,29884.92,0.004651175241570184
2023-06-23,30707.61,30688.5,0.06227088322987628
2023-06-24,30547.18,30527.43,0.06469591446119113
2023-06-25,30480.24,30462.66,0.05770999643498548
2023-06-26,30272.18,30267.99,0.013843007084377556
2023-06-27,30697.38,30692.44,0.01609516871256351
2023-06-28,30074.94,30077.41,-0.008212143266328997
2023-06-29,30446.47,30447.31,-0.002758864411996152
2023-06-30,30466.72,30472.0,-0.017327382515092006
2023-07-01,30587.21,30585.9,0.0042830192997350795
2023-07-02,30613.51,30617.03,-0.011496869552665417
2023-07-03,31161.8,31156.2,0.01797395061014676
2023-07-04,30771.25,30766.51,0.015406362307592252
2023-07-05,30499.27,30504.81,-0.018161070336123623
2023-07-06,29899.38,29895.43,0.01321272181066045
2023-07-07,30352.08,30344.7,0.02432055680234446
2023-07-08,30291.69,30284.63,0.023312155373856877
2023-07-09,30168.38,30160.71,0.025430435821974656
2023-07-10,30419.89,30411.57,0.027358008810461642
2023-07-11,30626.55,30622.1,0.014531988335224325
2023-07-12,30381.81,30380.0,0.005957867017779163
2023-07-13,31471.83,31454.23,0.05595431838580116
2023-07-14,30330.52,30312.01,0.0610649046368157
2023-07-15,30301.65,30289.52,0.040046854489609006
2023-07-16,30247.64,30231.99,0.05176635742469423
2023-07-17,30143.08,30138.0,0.016855796668663305
2023-07-18,29861.93,29859.13,0.00937736631977982
2023-07-19,29916.72,29909.21,0.02510932251303875
2023-07-20,29809.13,29800.0,0.03063758389262087
2023-07-21,29907.98,29901.72,0.020935250547454792
2023-07-22,29795.03,29794.0,0.003457071893665959
2023-07-23,30081.61,30083.75,-0.007113474882617419
2023-07-24,29176.98,29176.5,0.001645159631894036
2023-07-25,29225.14,29228.91,-0.012898188813747883
2023-07-26,29353.23,29351.96,0.004326797937856404
2023-07-27,29214.92,29222.78,-0.026896825011174783
2023-07-28,29316.15,29314.14,0.006856759229511892
2023-07-29,29355.71,29352.9,0.009573159721859412
2023-07-30,29281.39,29281.09,0.0010245520231633193
2023-07-31,29230.67,29232.25,-0.005404989352519037
2023-08-01,29697.27,29705.99,-0.029354349072362725
2023-08-02,29164.22,29186.01,-0.07465905754160036
2023-08-03,29174.18,29193.64,-0.06665835435389053
2023-08-04,29076.48,29113.99,-0.12883840380518793
2023-08-05,29047.12,29072.13,-0.08602740838047311
2023-08-06,29040.01,29088.42,-0.1664236146205255
2023-08-07,29179.21,29211.06,-0.10903404395459179
2023-08-08,29770.01,29770.42,-0.001377205964846497
2023-08-09,29562.76,29581.99,-0.06500576871266335
2023-08-10,29424.03,29455.75,-0.1076869541600576
2023-08-11,29400.45,29426.03,-0.08692983729031102
2023-08-12,29416.96,29430.17,-0.044885911294427205
2023-08-13,29275.94,29303.84,-0.0952093650525032
2023-08-14,29405.49,29430.93,-0.0864396741795067
2023-08-15,29170.14,29200.0,-0.10226027397260473
2023-08-16,28700.51,28730.51,-0.10441861282657357
2023-08-17,26627.57,26623.41,0.01562534626480926
2023-08-18,26048.89,26054.0,-0.01961311123052346
2023-08-19,26096.42,26100.01,-0.013754784001999025
2023-08-20,26189.14,26189.99,-0.0032455147940193287
2023-08-21,26125.18,26126.92,-0.0066597976340034065
2023-08-22,26042.11,26056.0,-0.05330825913417032
2023-08-23,26427.54,26432.72,-0.01959692381260911
2023-08-24,26163.49,26180.05,-0.06325427185967052
2023-08-25,26049.39,26060.01,-0.04075209487639867
2023-08-26,26009.61,26017.37,-0.02982622763176447
2023-08-27,26091.16,26101.77,-0.040648584368035506
2023-08-28,26101.04,26120.0,-0.07258805513016511
2023-08-29,27717.98,27716.34,0.005917087176731913
2023-08-30,27306.06,27299.99,0.02223444037891482
2023-08-31,25932.45,25940.78,-0.032111601887060096
2023-09-01,25794.88,25805.05,-0.039410890503983734
2023-09-02,25867.83,25869.51,-0.006494131508469442
2023-09-03,25969.83,25971.21,-0.00531357607133969
2023-09-04,25816.13,25826.02,-0.03829471207719741
2023-09-05,25783.91,25792.1,-0.03175390914271692
2023-09-06,25747.63,25759.95,-0.047826179786838514
2023-09-07,26276.3,26255.0,0.08112740430393933
2023-09-08,25906.34,25910.5,-0.016055267169679685
2023-09-09,25897.82,25901.61,-0.014632295058109797
2023-09-10,25831.76,25841.61,-0.038116820120736215
2023-09-11,25152.14,25162.52,-0.041251830102871326
2023-09-12,25840.61,25840.1,0.001973676572466969
2023-09-13,26226.65,26222.0,0.017733201128828674
2023-09-14,26532.76,26522.73,0.03781661993316237
2023-09-15,26602.42,26600.0,0.009097744360895691
2023-09-16,26569.69,26559.67,0.0377263723532726
2023-09-17,26530.95,26527.51,0.012967670165810241
2023-09-18,26764.49,26762.51,0.00739840919257275
2023-09-19,27216.13,27210.26,0.021572744986643345
2023-09-20,27123.94,27125.0,-0.003907834101387317
2023-09-21,26564.54,26568.08,-0.01332425978844114
2023-09-22,26578.4,26580.14,-0.006546240915201962
2023-09-23,26579.6,26575.96,0.013696588947302066
2023-09-24,26250.24,26248.38,0.007086151602501115
2023-09-25,26296.08,26304.81,-0.03318784663337072
2023-09-26,26208.44,26221.67,-0.050454452367067255
2023-09-27,26357.62,26372.99,-0.058279322898172024
2023-09-28,27027.14,27021.39,0.021279438252436313
2023-09-29,26907.0,26906.96,0.0001486604209500929
2023-09-30,26961.0,26962.56,-0.005785800754829325
2023-10-01,27995.46,27992.57,0.010324168163192654
2023-10-02,27504.04,27494.51,0.03466146514341399
2023-10-03,27428.96,27426.46,0.009115285020378132
2023-10-04,27786.75,27778.57,0.029447160166993086
2023-10-05,27412.96,27410.39,0.009376006689433128
2023-10-06,27945.17,27931.09,0.05040977634599333
2023-10-07,27976.43,27956.67,0.07068080712045476
2023-10-08,27933.55,27917.05,0.0591036660392126
2023-10-09,27596.67,27590.12,0.02374038242675013
2023-10-10,27393.29,27390.12,0.01157351628982236
2023-10-11,26869.19,26875.52,-0.023553032648305022
2023-10-12,26750.51,26759.63,-0.03408118871599727
2023-10-13,26863.53,26862.0,0.005695778423046817
2023-10-14,26851.71,26852.48,-0.002867519126726606
2023-10-15,27186.13,27154.15,0.11777205325889252
2023-10-16,28520.24,28500.78,0.06827883307054321
2023-10-17,28408.83,28395.91,0.04549951031680933
2023-10-18,28326.51,28320.0,0.022987288135587567
2023-10-19,28735.34,28713.71,0.07532986855408451
2023-10-20,29684.73,29669.04,0.05288340977665165
2023-10-21,29924.84,29909.8,0.050284522129873395
2023-10-22,30004.15,29992.46,0.03897646275097918
2023-10-23,33087.58,33069.99,0.05319021868468598
2023-10-24,33922.52,33922.73,-0.0006190539499810388
2023-10-25,34506.35,34496.05,0.02985849104461419
2023-10-26,34154.71,34151.66,0.008930751828741661
2023-10-27,33906.09,33892.02,0.04151419714729222
2023-10-28,34085.42,34081.0,0.01296910301927248
2023-10-29,34534.48,34525.89,0.024879879997311536
2023-10-30,34493.79,34474.73,0.055286872442504034
2023-10-31,34656.4,34639.77,0.04800840190337481
2023-11-01,35440.1,35421.43,0.052708205174094476
2023-11-02,34950.0,34941.59,0.024068738715105675
2023-11-03,34731.27,34716.78,0.04173774180669395
2023-11-04,35087.01,35062.07,0.07113099711455236
2023-11-05,35035.42,35011.88,0.06723432160741119
2023-11-06,35059.46,35046.09,0.038149762213138816
2023-11-07,35416.28,35399.12,0.04847578131884695
2023-11-08,35639.13,35624.72,0.040449440725418236
2023-11-09,36706.59,36701.09,0.01498593093556622
2023-11-10,37324.83,37301.63,0.06219567348666631
2023-11-11,37139.12,37130.0,0.024562348505258874
2023-11-12,37086.03,37064.13,0.05908677743144506
2023-11-13,36475.67,36462.93,0.03493959481588003
2023-11-14,35554.09,35551.19,0.008157251557526427
2023-11-15,37885.35,37858.2,0.07171497852513183
2023-11-16,36161.15,36163.51,-0.006525915211218662
2023-11-17,36630.38,36613.92,0.04495557973579209
2023-11-18,36594.89,36568.1,0.07326057410694259
2023-11-19,37391.19,37359.86,0.08386005729143992
2023-11-20,37475.64,37448.78,0.07172463295199626
2023-11-21,35751.89,35741.65,0.02865004833296158
2023-11-22,37424.31,37408.34,0.04269101489133483
2023-11-23,37304.05,37294.28,0.02619704683936538
2023-11-24,37745.84,37713.57,0.08556601774904046
2023-11-25,37805.99,37780.67,0.0670183985620152
2023-11-26,37462.79,37447.43,0.04101750106749804
2023-11-27,37241.63,37242.7,-0.0028730462614142073
2023-11-28,37838.26,37818.87,0.05127070163650954
2023-11-29,37863.84,37854.64,0.024303493574359947
2023-11-30,37732.27,37723.96,0.02202844028038857
2023-12-01,38703.54,38682.52,0.05433978965177056
2023-12-02,39478.95,39450.35,0.07249618824674191
2023-12-03,39984.81,39972.26,0.031396773662524045
2023-12-04,41987.24,41991.1,-0.009192424108919704
2023-12-05,44084.39,44073.32,0.02511723645960801
2023-12-06,43764.05,43762.69,0.0031076700266838763
2023-12-07,43280.95,43273.14,0.018048147187834467
2023-12-08,44192.87,44170.99,0.04953477384139377
2023-12-09,43723.25,43713.6,0.022075509681200943
2023-12-10,43793.68,43789.51,0.009522828640919374
2023-12-11,41229.61,41253.4,-0.057667974033657525
2023-12-12,41477.39,41492.39,-0.036151207486481256
2023-12-13,42885.54,42869.03,0.03851265120764813
2023-12-14,43027.77,43022.26,0.012807323464631475
2023-12-15,41933.89,41940.3,-0.01528362934934536
2023-12-16,42237.29,42278.03,-0.09636210580293822
2023-12-17,41349.59,41374.65,-0.06056848819266132
2023-12-18,42650.01,42657.8,-0.018261607490308626
2023-12-19,42266.22,42275.99,-0.02311004425915703
2023-12-20,43674.77,43668.93,0.013373352633088347
2023-12-21,43875.32,43861.8,0.030824088386698215
2023-12-22,44013.73,43969.04,0.10163969920653788
2023-12-23,43726.35,43702.16,0.05535195514362459
2023-12-24,43025.03,42991.5,0.07799216124117288
2023-12-25,43589.67,43576.13,0.031072057110167594
2023-12-26,42515.53,42508.93,0.015526149446712831
2023-12-27,43474.4,43428.85,0.10488419564414649
2023-12-28,42581.23,42563.76,0.041044306236105936
2023-12-29,42063.45,42066.95,-0.008320070744372958
2023-12-30,42141.03,42140.28,0.0017797698544005879
2023-12-31,42288.06,42283.58,0.010595129362262905
2024-01-01,44220.78,44179.55,0.09332372104287147
2024-01-02,44972.8,44946.91,0.057601290055310624
2024-01-03,42862.44,42845.23,0.04016783198502873
2024-01-04,44193.29,44151.1,0.09555820806277154
2024-01-05,44186.59,44145.11,0.09396284209054168
2024-01-06,43992.44,43968.32,0.05485767934731784
2024-01-07,43950.28,43929.02,0.04839625377484414
2024-01-08,46995.1,46951.04,0.09384243671705178
2024-01-09,46124.08,46110.0,0.030535675558450978
2024-01-10,46666.11,46653.99,0.025978485441443742
2024-01-11,46342.66,46339.16,0.0075530070031480925
2024-01-12,42773.03,42782.73,-0.022672699942253252
2024-01-13,42839.33,42847.99,-0.020210983058939792
2024-01-14,41697.33,41732.35,-0.0839157152664463
2024-01-15,42490.16,42511.1,-0.049257723276967785
2024-01-16,43130.45,43137.95,-0.0173860834833366
2024-01-17,42739.49,42776.1,-0.08558517489906883
2024-01-18,41293.5,41327.5,-0.08226967515576795
2024-01-19,41624.07,41659.03,-0.08391938074410069
2024-01-20,41666.67,41696.04,-0.07043834378517148
2024-01-21,41554.05,41580.33,-0.06320296159265411
2024-01-22,39524.27,39568.02,-0.11056909089714372
2024-01-23,39878.3,39897.6,-0.048373837022767374
2024-01-24,40077.78,40084.88,-0.01771241425694313
2024-01-25,39941.66,39961.09,-0.048622297339719754
2024-01-26,41814.8,41823.51,-0.020825607415540032
2024-01-27,42126.55,42120.63,0.014054870499338519
2024-01-28,42034.59,42031.06,0.008398550976346626
2024-01-29,43306.18,43302.7,0.008036450383008915
2024-01-30,42942.78,42941.1,0.003912335734297191
2024-01-31,42548.08,42580.0,-0.07496477219351398
2024-02-01,43078.81,43082.94,-0.009586161018734229
2024-02-02,43181.66,43200.0,-0.04245370370369562
2024-02-03,43010.67,43011.09,-0.0009764923418547491
2024-02-04,42568.55,42582.88,-0.03365202165751699
2024-02-05,42657.67,42708.7,-0.11948385223619272
2024-02-06,43095.79,43098.95,-0.007331965163875725
2024-02-07,44343.61,44349.6,-0.013506322492193757
2024-02-08,45305.2,45288.65,0.03654337234604174
2024-02-09,47160.41,47132.77,0.05864285082333734
2024-02-10,47767.06,47751.09,0.03344426273829805
2024-02-11,48316.3,48299.99,0.03376812293336903
2024-02-12,49941.81,49917.27,0.04916134235706575
2024-02-13,49725.36,49699.59,0.05185153438892368
2024-02-14,51858.59,51795.17,0.12244384949407108
2024-02-15,51934.29,51880.0,0.10464533538936174
2024-02-16,52162.64,52124.11,0.07391972735841214
2024-02-17,51666.22,51642.64,0.0456599430238302
2024-02-18,52153.63,52137.67,0.03061126436988674
2024-02-19,51787.05,51774.73,0.023795392076404277
2024-02-20,52277.52,52258.82,0.03578343330369321
2024-02-21,51851.67,51849.39,0.0043973516371144114
2024-02-22,51258.7,51288.42,-0.05794680358646487
2024-02-23,50747.05,50744.15,0.005714944481287902
2024-02-24,51570.65,51568.22,0.004712204532171735
2024-02-25,51731.0,51728.85,0.004156288028830054
2024-02-26,54533.48,54476.47,0.10465068680111254
2024-02-27,57077.07,57037.34,0.06965612351488201
2024-02-28,62518.9,62432.1,0.13903104332547345
2024-02-29,61179.03,61130.98,0.07860171716533193
2024-03-01,62436.72,62387.9,0.07825235342109561
2024-03-02,62045.78,61987.28,0.09437420064245439
2024-03-03,63154.49,63113.97,0.06420131707765618
2024-03-04,68360.14,68245.71,0.1676735431428481
2024-03-05,63800.78,63724.01,0.12047264445535803
2024-03-06,66122.28,66074.04,0.0730090062602578
2024-03-07,66938.21,66823.17,0.17215585552138302
2024-03-08,68289.16,68124.19,0.24216067743337744
2024-03-09,68480.0,68313.27,0.2440667823396478
2024-03-10,69032.12,68955.88,0.11056345013650856
2024-03-11,72110.98,72078.1,0.04561718469270153
2024-03-12,71475.93,71452.01,0.03347701485234391
2024-03-13,73135.04,73072.41,0.0857095037648137
2024-03-14,71364.58,71388.94,-0.03412293276801782
2024-03-15,69506.88,69499.85,0.010115129744882666
2024-03-16,65254.22,65300.63,-0.07107128981756565
2024-03-17,68343.64,68393.48,-0.07287244339664616
2024-03-18,67613.04,67609.99,0.0045111676543486525
2024-03-19,61906.27,61937.4,-0.05026042423479942
2024-03-20,67858.8,67840.51,0.026960292603944384
2024-03-21,65484.7,65501.27,-0.02529721942795874
2024-03-22,63814.56,63796.64,0.028089253603321828
2024-03-23,63998.86,63990.01,0.013830283820862889
2024-03-24,67204.93,67209.99,-0.007528642691379992
2024-03-25,69890.28,69880.01,0.014696620678795088
2024-03-26,69992.4,69988.0,0.006286792021481081
2024-03-27,69435.96,69469.99,-0.048985180507437574
2024-03-28,70801.18,70780.6,0.029075763697944342
2024-03-29,69903.75,69850.54,0.07617693435155463
2024-03-30,69626.87,69582.18,0.0642262142404885
2024-03-31,71288.9,71280.01,0.012471939888896506
2024-04-01,69681.82,69649.8,0.04597285275765914
2024-04-02,65464.14,65463.99,0.0002291336045991929
2024-04-03,65987.92,65963.28,0.037354115805034886
2024-04-04,68525.23,68487.79,0.054666678542266194
2024-04-05,67856.51,67820.62,0.05291900899755771
2024-04-06,68919.89,68896.0,0.03467545285647849
2024-04-07,69350.34,69360.39,-0.014489537904851617
2024-04-08,71622.53,71620.0,0.003532532812062044
2024-04-09,69117.01,69146.0,-0.04192578023313748
2024-04-10,70634.04,70631.08,0.004190789663688918
2024-04-11,70020.73,70006.23,0.0207124423069204
2024-04-12,67148.61,67116.52,0.04781237167838336
2024-04-13,64024.77,63924.51,0.15684124915465877
2024-04-14,65777.05,65661.84,0.17545959723334956
2024-04-15,63452.18,63419.99,0.050756867038298695
2024-04-16,63814.94,63793.39,0.03378092934080304
2024-04-17,61279.36,61277.37,0.003247528410566515
2024-04-18,63513.85,63470.08,0.06896162727382224
2024-04-19,63848.37,63818.01,0.0475727776532057
2024-04-20,64968.87,64940.59,0.04354749471787385
2024-04-21,64952.92,64941.15,0.01812410159043503
2024-04-22,66859.17,66819.32,0.05963843990030318
2024-04-23,66414.16,66414.0,0.00024091306050455093
2024-04-24,64255.78,64289.59,-0.05259016273085219
2024-04-25,64484.44,64498.34,-0.02155094224129517
2024-04-26,63742.39,63770.01,-0.043311895356457714
2024-04-27,63422.0,63461.98,-0.06299834956300324
2024-04-28,63108.94,63118.62,-0.015336203484804153
2024-04-29,63844.85,63866.0,-0.03311621206902179
2024-04-30,60622.1,60672.0,-0.08224551687763954
2024-05-01,58265.59,58364.97,-0.1702733677409663
2024-05-02,59071.89,59060.61,0.019099023867174478
2024-05-03,62913.03,62882.01,0.04933048418776181
2024-05-04,63902.88,63892.04,0.01696611972320262
2024-05-05,64023.45,64012.0,0.01788727113665733
2024-05-06,63162.24,63165.19,-0.004670293875478512
2024-05-07,62315.76,62312.08,0.0059057569575599
2024-05-08,61169.53,61193.03,-0.03840306649303033
2024-05-09,63073.57,63074.01,-0.0006975931925088135
2024-05-10,60787.47,60799.99,-0.020592108650012604
2024-05-11,60814.63,60825.99,-0.01867622705360091
2024-05-12,61453.02,61483.99,-0.05037083637545508
2024-05-13,62932.37,62940.08,-0.0122497461077252
2024-05-14,61539.84,61577.49,-0.06114247267954809
2024-05-15,66244.69,66206.5,0.05768315799808527
2024-05-16,65252.18,65235.21,0.02601355924201235
2024-05-17,67046.33,67024.0,0.033316423967536625
2024-05-18,66923.87,66915.2,0.012956697431970993
2024-05-19,66261.62,66274.01,-0.018695111401889546
2024-05-20,71432.17,71446.62,-0.020224889574898142
2024-05-21,70142.84,70148.34,-0.007840527658958145
2024-05-22,69109.93,69166.62,-0.08196150108246193
2024-05-23,67940.45,67969.65,-0.04296035068592687
2024-05-24,68547.8,68549.99,-0.0031947488249120504
2024-05-25,69289.67,69290.57,-0.0012988780435905362
2024-05-26,68473.72,68507.67,-0.04955649491509066
2024-05-27,69368.72,69436.43,-0.09751365385575246
2024-05-28,68321.98,68398.39,-0.11171315582136289
2024-05-29,67569.45,67652.42,-0.12264158473562538
2024-05-30,68338.58,68352.17,-0.01988232414566576
2024-05-31,67472.41,67540.01,-0.10008882142598331
2024-06-01,67719.29,67766.85,-0.07018180718155295
2024-06-02,67735.52,67765.63,-0.04443255378869875
2024-06-03,68791.0,68809.9,-0.0274669778621887
2024-06-04,70542.32,70537.84,0.006351201000782669
2024-06-05,71121.11,71108.0,0.018436744107555525
2024-06-06,70773.64,70799.06,-0.035904431499511794
2024-06-07,69324.53,69355.6,-0.044798112913747384
2024-06-08,69304.05,69310.46,-0.009248243338744962
2024-06-09,69637.87,69648.14,-0.014745548122324694
2024-06-10,69497.73,69540.0,-0.06078515962036824
2024-06-11,67316.53,67314.24,0.0034019547721159697
2024-06-12,68248.6,68263.99,-0.022544829272357823
2024-06-13,66738.85,66773.01,-0.05115839468669893
2024-06-14,66004.39,66043.99,-0.05996003572771091
2024-06-15,66192.0,66228.25,-0.05473495071967023
2024-06-16,66628.75,66676.87,-0.07216895454150045
2024-06-17,66481.81,66504.33,-0.03386245677537699
2024-06-18,65152.8,65175.32,-0.0345529565485782
2024-06-19,64943.79,64974.37,-0.047064711824065006
2024-06-20,64840.88,64869.99,-0.044874371030426526
2024-06-21,64120.28,64143.56,-0.036293588943299745
2024-06-22,64235.01,64262.01,-0.04201549251260581
2024-06-23,63171.43,63210.01,-0.06103463676085757
2024-06-24,60263.0,60293.3,-0.050254340034469686
2024-06-25,61789.71,61806.01,-0.026372839793416383
2024-06-26,60816.68,60864.99,-0.07937239454076583
2024-06-27,61615.39,61706.47,-0.1476020261732712
2024-06-28,60313.35,60427.84,-0.18946565026980605
2024-06-29,60885.67,60986.68,-0.16562633020850132
2024-06-30,62668.26,62772.01,-0.16528067207024277
2024-07-01,62830.13,62899.99,-0.1110652004873142
2024-07-02,62040.22,62135.47,-0.1532940846830321
2024-07-03,60145.01,60208.58,-0.10558295844213517
2024-07-04,57042.14,57050.01,-0.013794914321667287
2024-07-05,56639.43,56628.79,0.01878902939653031
2024-07-06,58244.75,58230.13,0.025107276937218963
2024-07-07,55854.09,55857.81,-0.006659767004830953
2024-07-08,56699.43,56714.62,-0.02678321744904987
2024-07-09,58047.86,58050.0,-0.0036864771748482653
2024-07-10,57712.59,57725.85,-0.022970644867077814
2024-07-11,57340.77,57339.89,0.0015347082109808383
2024-07-12,57909.03,57889.1,0.03442789747983695
2024-07-13,59224.58,59204.02,0.034727371553494084
2024-07-14,60808.42,60797.91,0.017286778443526694
2024-07-15,64757.16,64724.14,0.05101651408578635
2024-07-16,65088.99,65043.99,0.06918394766372728
2024-07-17,64085.81,64087.99,-0.0034015733681151353
2024-07-18,63982.86,63987.92,-0.007907742586409547
2024-07-19,66707.61,66660.0,0.0714221422142223
2024-07-20,67163.83,67139.96,0.03555259788655719
2024-07-21,68181.28,68165.34,0.023384318188689926
2024-07-22,67558.22,67532.01,0.038811224484516904
2024-07-23,65939.24,65936.01,0.004898688895507141
2024-07-24,65366.4,65376.0,-0.01468428781203889
2024-07-25,65795.42,65799.95,-0.006884503711627191
2024-07-26,67924.08,67907.99,0.023693824541112917
2024-07-27,67899.41,67896.5,0.0042859352102148016
2024-07-28,68244.3,68249.88,-0.008175838550927482
2024-07-29,66771.45,66784.69,-0.019824902983011882
2024-07-30,66169.68,66188.0,-0.027678733305141392
2024-07-31,64609.62,64628.0,-0.028439685585191218
2024-08-01,65288.18,65354.02,-0.10074361148709217
2024-08-02,61418.06,61498.33,-0.13052386950995917
2024-08-03,60674.93,60697.99,-0.03799137335519293
2024-08-04,58130.95,58161.0,-0.05166692457145323
2024-08-05,54029.12,54018.81,0.01908594432199626
2024-08-06,56048.08,56022.01,0.046535281401005976
2024-08-07,55148.1,55134.16,0.02528378050920709
2024-08-08,61705.58,61685.99,0.03175761627559805
2024-08-09,60862.13,60837.99,0.03967915442308238
2024-08-10,60935.02,60923.51,0.018892542468407946
2024-08-11,58722.49,58712.59,0.01686180085055259
2024-08-12,59358.78,59346.64,0.02045608647768335
2024-08-13,60603.19,60587.15,0.026474260631174883
2024-08-14,58690.62,58683.39,0.012320351636132817
2024-08-15,57543.61,57541.06,0.004431618048056311
2024-08-16,58888.99,58874.6,0.024441779646909564
2024-08-17,59497.49,59491.99,0.009244942050181882
2024-08-18,58437.9,58427.35,0.018056612185907647
2024-08-19,59452.67,59438.5,0.023839767154282585
2024-08-20,59017.59,59013.8,0.006422226665616512
2024-08-21,61163.28,61156.03,0.01185492256446339
2024-08-22,60383.29,60375.84,0.012339372835234038
2024-08-23,64086.72,64037.24,0.07726753995019649
2024-08-24,64179.63,64157.01,0.03525725403973057
2024-08-25,64251.93,64220.0,0.04971971348489612
2024-08-26,62840.0,62834.0,0.009548970302702358
2024-08-27,59439.64,59415.0,0.04147100900445917
2024-08-28,59045.88,59034.9,0.018599167611016407
2024-08-29,59364.47,59359.01,0.009198266615294168
2024-08-30,59112.77,59123.99,-0.018977068360916043
2024-08-31,58968.37,58973.99,-0.009529624839688383
2024-09-01,57299.0,57301.86,-0.004991111981357293
2024-09-02,59139.83,59132.13,0.013021685503303139
2024-09-03,57468.84,57487.73,-0.032859185777568
2024-09-04,57971.0,57970.9,0.00017250034068566264
2024-09-05,56156.82,56180.0,-0.041260234959060685
2024-09-06,53950.01,53962.97,-0.024016469071289306
2024-09-07,54156.33,54160.86,-0.008363973541038372
2024-09-08,54881.11,54869.95,0.02033900158466245
2024-09-09,57053.9,57042.0,0.020861821114269232
2024-09-10,57645.59,57635.99,0.016656259396253183
2024-09-11,57352.79,57338.0,0.025794412082738975
2024-09-12,58137.54,58132.32,0.008979514321811282
2024-09-13,60543.35,60498.0,0.07496115574068324
2024-09-14,60012.35,59993.03,0.032203741001245824
2024-09-15,59122.33,59132.0,-0.016353243590607882
2024-09-16,58208.75,58213.99,-0.009001272718118038
2024-09-17,60312.6,60313.99,-0.002304606277912335
2024-09-18,61769.18,61759.99,0.014880183756510207
2024-09-19,62960.14,62947.99,0.019301648869171923
2024-09-20,63210.69,63201.05,0.015252911146253769
2024-09-21,63362.74,63348.96,0.021752527586875674
2024-09-22,63577.66,63578.76,-0.0017301375490785676
2024-09-23,63338.87,63339.99,-0.0017682352017980164
2024-09-24,64272.93,64262.7,0.01591903234691851
2024-09-25,63130.89,63152.01,-0.03344311606234326
2024-09-26,65177.21,65173.99,0.004940621250902644
2024-09-27,65789.0,65769.95,0.02896459553337491
2024-09-28,65858.99,65858.0,0.001503234231232711
2024-09-29,65600.01,65602.01,-0.003048687075289309
2024-09-30,63301.25,63327.59,-0.04159324553483957
2024-10-01,60790.0,60805.78,-0.025951480270459217
2024-10-02,60631.37,60649.28,-0.029530441251728327
2024-10-03,60744.99,60752.71,-0.012707252071555597
2024-10-04,62090.71,62086.0,0.007586251328800578
2024-10-05,62051.29,62058.0,-0.010812465757838034
2024-10-06,62810.86,62819.91,-0.014406260690285787
2024-10-07,62200.28,62224.0,-0.03812033941887562
2024-10-08,62122.02,62160.49,-0.061888186531350003
2024-10-09,60578.28,60636.02,-0.0952239279556903
2024-10-10,60279.53,60326.39,-0.0776774476311289
2024-10-11,62518.75,62540.0,-0.033978253917492804
2024-10-12,63187.47,63206.22,-0.029664801976767477
2024-10-13,62845.3,62870.02,-0.039319217649356385
2024-10-14,66065.65,66083.99,-0.027752561550855294
2024-10-15,67056.6,67074.14,-0.026150167560841774
2024-10-16,67608.44,67620.01,-0.01711031985945053
2024-10-17,67402.33,67421.78,-0.028848244588020502
2024-10-18,68426.11,68428.0,-0.002762027240310133
2024-10-19,68363.73,68378.0,-0.020869285442692204
2024-10-20,69014.86,69031.99,-0.024814582340744712
2024-10-21,67346.15,67377.5,-0.04652888575563923
2024-10-22,67380.08,67426.0,-0.06810429211283223
2024-10-23,66601.11,66668.65,-0.10130698611715341
2024-10-24,68156.84,68198.28,-0.060763995807522314
2024-10-25,66564.51,66698.33,-0.20063470854518695
2024-10-26,67012.56,67092.76,-0.11953599762477665
2024-10-27,67943.19,68021.7,-0.11541905009724068
2024-10-28,69924.5,69962.21,-0.05390052715602666
2024-10-29,72724.35,72736.42,-0.016594162869154726
2024-10-30,72322.91,72344.74,-0.03017496503547009
2024-10-31,70197.83,70292.01,-0.13398393359358057
2024-11-01,69467.29,69496.01,-0.04132611354234749
2024-11-02,69358.94,69374.74,-0.022774860129209724
2024-11-03,68738.18,68775.99,-0.054975580867701386
2024-11-04,67807.48,67850.01,-0.06268237838137214
2024-11-05,69380.73,69372.01,0.012569911121216129
2024-11-06,75646.55,75571.99,0.09866089274610562
2024-11-07,75920.0,75857.89,0.0818767830215164
2024-11-08,76566.73,76509.78,0.07443492844966629
2024-11-09,76716.06,76677.46,0.05034073898638696
2024-11-10,80428.92,80370.01,0.0732984853429824
2024-11-11,88770.73,88647.99,0.13845773604115635
2024-11-12,88035.43,87952.01,0.09484717859205066
2024-11-13,90493.82,90375.2,0.1312528215705303
2024-11-14,87340.4,87325.59,0.01695951896803408
2024-11-15,91058.36,91032.07,0.02887993209425381
2024-11-16,90636.24,90586.92,0.054444946356501565
2024-11-17,89886.69,89855.99,0.034165780155554555
2024-11-18,90520.3,90464.08,0.062146213171018996
2024-11-19,92435.89,92310.79,0.13552045215949926
2024-11-20,94393.15,94286.56,0.11304898598484928
2024-11-21,98439.09,98317.12,0.12405774294446498
2024-11-22,99024.03,98892.0,0.1335092828540214
2024-11-23,97778.77,97672.4,0.10890486974827066
2024-11-24,98028.18,97900.04,0.13088860842140557
2024-11-25,93000.01,93010.01,-0.010751530937369
2024-11-26,91929.54,91965.16,-0.038732058966689006
2024-11-27,95951.19,95863.11,0.09188101658709147
2024-11-28,95665.53,95643.98,0.02253147558267955
2024-11-29,97490.56,97460.0,0.031356453929814974
2024-11-30,96465.42,96407.99,0.05956975142827167
2024-12-01,97263.18,97185.18,0.08025915062358274
2024-12-02,95862.89,95840.62,0.023236494087792915
2024-12-03,95924.52,95849.69,0.07807015338286617
2024-12-04,98746.24,98587.32,0.16119720061362683
2024-12-05,97044.23,96945.63,0.10170649259795543
2024-12-06,99891.35,99740.84,0.15090107522656648
2024-12-07,99929.32,99831.99,0.09749379933225986
2024-12-08,101174.99,101109.59,0.06468229175888136
2024-12-09,97324.81,97276.47,0.049693415067381154
2024-12-10,96660.76,96593.0,0.0701500108703475
2024-12-11,101202.11,101125.0,0.07625216316440107
2024-12-12,100030.47,100004.29,0.026178876926187436
2024-12-13,101428.75,101424.25,0.0044368087513587725
2024-12-14,101399.99,101420.0,-0.019729836324191244
2024-12-15,104447.76,104463.99,-0.015536454236536894
2024-12-16,106099.81,106058.66,0.03879928333998768
2024-12-17,106136.99,106133.74,0.0030621741964430914
2024-12-18,100150.73,100204.01,-0.053171524772310845
2024-12-19,97372.21,97461.86,-0.0919847004766728
2024-12-20,97765.0,97805.44,-0.041347393355627586
2024-12-21,97230.08,97291.99,-0.06363319323615797
2024-12-22,95087.75,95186.27,-0.1035023223412411
2024-12-23,94764.56,94881.47,-0.12321689366743949
2024-12-24,98594.47,98663.58,-0.07004611022628672
2024-12-25,99346.28,99429.6,-0.08379798369902623
2024-12-26,95669.49,95791.6,-0.12747464287056545
2024-12-27,94171.89,94299.03,-0.13482641337880083
2024-12-28,95130.82,95300.0,-0.17752360965371775
2024-12-29,93563.35,93738.2,-0.1865301445941903
2024-12-30,92620.71,92792.05,-0.18464943925691532
2024-12-31,93354.22,93576.0,-0.2370052150123951
2025-01-01,94383.59,94591.79,-0.22010366861648045
2025-01-02,96903.19,96984.79,-0.08413690435375616
2025-01-03,98136.51,98174.18,-0.03837057768142118
2025-01-04,98209.85,98220.5,-0.010842950300593237
2025-01-05,98345.33,98363.61,-0.0185841084929669
2025-01-06,102279.41,102235.6,0.04285200067295313
2025-01-07,96941.98,96954.61,-0.01302671425320019
2025-01-08,95036.63,95060.61,-0.025226011068092163
2025-01-09,92547.44,92552.49,-0.00545636319455361
2025-01-10,94701.18,94726.11,-0.0263179813886663
2025-01-11,94565.02,94599.99,-0.03696617726915316
2025-01-12,94509.62,94545.06,-0.037484771811454064
2025-01-13,94506.45,94536.1,-0.03136368011797475
2025-01-14,96534.96,96560.86,-0.026822462020319807
2025-01-15,100510.23,100497.35,0.01281625833914039
2025-01-16,99981.78,99987.3,-0.005520701129047463
2025-01-17,104107.0,104077.48,0.028363484588600794
2025-01-18,104435.0,104556.23,-0.11594717980936758
2025-01-19,101211.13,101331.57,-0.11885733143185516
2025-01-20,102145.43,102260.01,-0.11204771053709241
2025-01-21,106159.26,106143.82,0.014546301423849052
2025-01-22,103667.11,103706.66,-0.03813641283983392
2025-01-23,103926.36,103910.34,0.015417137505280105
2025-01-24,104850.27,104870.5,-0.01929045823181536
2025-01-25,104733.56,104746.85,-0.012687732375730771
2025-01-26,102563.0,102620.0,-0.05554472812317287
2025-01-27,102062.42,102082.83,-0.019993567968289567
2025-01-28,101290.0,101335.52,-0.044920083303469575
2025-01-29,103747.25,103733.24,0.013505796213436273
2025-01-30,104742.64,104722.94,0.01881154215112476
2025-01-31,102411.26,102429.56,-0.017865936356656138
2025-02-01,100623.85,100635.65,-0.011725467068567013
2025-02-02,97676.52,97700.59,-0.024636494006835
2025-02-03,101460.2,101328.52,0.1299535412142534
2025-02-04,97795.05,97763.13,0.03265034578986807
2025-02-05,96638.33,96612.43,0.026808144666280242
2025-02-06,96564.62,96554.35,0.010636496439559193
2025-02-07,96537.08,96506.8,0.031376027388742386
2025-02-08,96476.25,96444.74,0.032671558863650585
2025-02-09,96475.82,96462.75,0.013549271610032873
2025-02-10,97444.41,97430.82,0.013948358435243086
2025-02-11,95774.08,95778.2,-0.004301605166932917
2025-02-12,97862.53,97869.99,-0.007622356965609583
2025-02-13,96625.29,96608.14,0.01775212730520863
2025-02-14,97509.03,97500.48,0.008769187597848657
2025-02-15,97596.94,97569.66,0.027959511184110754
2025-02-16,96119.88,96118.12,0.0018310803415727578
2025-02-17,95781.8,95780.0,0.0018793067446261332
2025-02-18,95607.4,95671.74,-0.06725078899998166
2025-02-19,96632.03,96644.37,-0.012768462353261248
2025-02-20,98347.2,98305.0,0.04292762321346533
2025-02-21,96157.03,96181.98,-0.025940410043541515
2025-02-22,96582.12,96551.01,0.03222130975118809
2025-02-23,96265.98,96258.0,0.008290220033655307
2025-02-24,91510.82,91552.88,-0.04594066292616646
2025-02-25,88583.74,88680.4,-0.10899815517294571
2025-02-26,84111.78,84250.09,-0.16416599673661794
2025-02-27,84625.19,84708.58,-0.09844339262917572
2025-02-28,84297.73,84349.94,-0.061896902357021714
2025-03-01,86018.76,86064.53,-0.053181025911608504
2025-03-02,94265.48,94270.0,-0.004794738517029887
2025-03-03,86161.1,86220.61,-0.06902062047577112
2025-03-04,87249.96,87281.98,-0.03668569388548418
2025-03-05,90603.73,90606.01,-0.0025163893653399327
2025-03-06,89921.85,89931.89,-0.011164004225857588
2025-03-07,86756.98,86801.75,-0.05157730114888706
2025-03-08,86206.69,86222.45,-0.01827830222870582
2025-03-09,80699.17,80734.37,-0.04359977045711398
2025-03-10,78544.71,78595.86,-0.06507976374327373
2025-03-11,82914.51,82932.99,-0.022283050448332415
2025-03-12,83659.43,83680.12,-0.02472510794678871
2025-03-13,81073.43,81115.78,-0.05220932351264553
2025-03-14,83980.49,83983.2,-0.003226835843349445
2025-03-15,84351.46,84338.44,0.015437800367192082
2025-03-16,82562.57,82574.53,-0.0144838850429931
2025-03-17,84011.4,84010.03,0.001630757660716635
2025-03-18,82698.76,82715.03,-0.019669943902582244
2025-03-19,86877.96,86845.94,0.03686988706668852
2025-03-20,84183.42,84223.39,-0.04745712562745475
2025-03-21,84061.96,84088.79,-0.03190674999603062
2025-03-22,83852.03,83840.59,0.013644942145567355
2025-03-23,86092.94,86082.5,0.01212790056051152
2025-03-24,87523.62,87498.16,0.029097754741347532
2025-03-25,87427.88,87392.87,0.04006047632948696
2025-03-26,86926.01,86909.17,0.019376551404180372
2025-03-27,87217.48,87232.01,-0.01665672956521217
2025-03-28,84381.8,84424.38,-0.05043566799069386
2025-03-29,82616.83,82648.54,-0.03836728392297293
2025-03-30,82379.98,82389.99,-0.01214953418492867
2025-03-31,82534.32,82550.01,-0.01900666032625287
2025-04-01,85170.37,85158.34,0.014126625765601862
2025-04-02,82490.08,82516.29,-0.031763425137014585
2025-04-03,83174.33,83213.09,-0.04657921007379339
2025-04-04,83860.16,83889.87,-0.03541547984278895
2025-04-05,83498.25,83537.99,-0.047571170912784996
2025-04-06,78370.75,78430.0,-0.07554507203876068
2025-04-07,79140.01,79163.24,-0.029344428045151357
2025-04-08,76251.64,76322.42,-0.09273814955028789
2025-04-09,82594.75,82615.22,-0.02477751678201809
2025-04-10,79552.34,79607.3,-0.06903889467424018
2025-04-11,83380.47,83423.84,-0.05198753737540174
2025-04-12,85271.01,85276.9,-0.006906911484821116
2025-04-13,83733.07,83760.0,-0.032151384909256224
2025-04-14,84590.36,84591.58,-0.001442223918741279
2025-04-15,83629.78,83643.99,-0.01698866828328778
2025-04-16,84028.72,84030.38,-0.00197547601237016
2025-04-17,84961.97,84947.91,0.01655131950862319
2025-04-18,84466.47,84474.69,-0.009730725262207134
2025-04-19,85074.99,85077.01,-0.002374319454796922
2025-04-20,85177.34,85179.24,-0.002230590458436505
2025-04-21,87522.07,87516.23,0.006673047959231173
2025-04-22,93489.1,93442.99,0.04934559564072231
2025-04-23,93740.92,93691.08,0.05319609935118317
2025-04-24,94021.96,93980.47,0.04414747021376381
2025-04-25,94708.79,94638.68,0.0740817602274256
2025-04-26,94666.64,94628.0,0.040833579912921567
2025-04-27,93780.57,93749.3,0.033354915716708365
2025-04-28,95042.57,95011.18,0.033038217186665796
2025-04-29,94271.09,94256.82,0.015139488049766076
2025-04-30,94182.54,94172.0,0.011192286454565685
2025-05-01,96524.98,96489.91,0.0363457692104723
2025-05-02,96929.81,96887.14,0.04404093257371232
2025-05-03,95861.33,95856.42,0.0051222442899531324
2025-05-04,94272.55,94277.62,-0.005377734397614655
2025-05-05,94733.99,94733.68,0.0003272331445503053
2025-05-06,96839.17,96834.02,0.005318378809424806
2025-05-07,97058.32,97030.5,0.028671397138020503
2025-05-08,103253.49,103261.6,-0.00785383918126446
2025-05-09,102986.96,102971.99,0.014537934053718067
2025-05-10,104821.19,104809.53,0.011124942550551933
2025-05-11,104137.62,104118.0,0.018844003918626312
2025-05-12,102800.21,102791.32,0.008648590172788342
2025-05-13,104131.06,104103.72,0.026262269974595055
2025-05-14,103545.38,103507.82,0.036287113379450626
2025-05-15,103786.43,103763.71,0.02189590175600565
2025-05-16,103500.03,103463.9,0.03492039252338706
2025-05-17,103161.07,103126.65,0.033376435674011336
2025-05-18,106473.46,106454.26,0.018035915143284675
2025-05-19,105616.18,105573.74,0.04019939049235897
2025-05-20,106883.24,106849.99,0.031118393179072827
2025-05-21,109699.54,109643.99,0.050663971641298676
2025-05-22,111722.53,111696.21,0.023563915015551943
2025-05-23,107329.61,107318.3,0.010538743159365803
2025-05-24,107794.01,107761.91,0.029787890730584923
2025-05-25,109048.68,109004.19,0.0408149448200025
2025-05-26,109464.32,109434.79,0.02698410624264312
2025-05-27,108978.46,108938.17,0.036984282001440036
2025-05-28,107819.29,107781.78,0.03480180045272472
2025-05-29,105572.58,105589.75,-0.016261048065743366
2025-05-30,104033.26,103985.48,0.045948722840918596
2025-05-31,104645.87,104591.88,0.05161968596414051
2025-06-01,105697.94,105642.93,0.052071634135866275
2025-06-02,105904.94,105857.99,0.04435187178596258
2025-06-03,105447.82,105376.89,0.06731077373796814
2025-06-04,104753.38,104696.86,0.05398442704012716
2025-06-05,101570.2,101508.68,0.06060565461003343
2025-06-06,104397.99,104288.44,0.10504519964053821
2025-06-07,105619.02,105552.15,0.0633525702697765
2025-06-08,105784.4,105734.0,0.04766678646414037
2025-06-09,110301.15,110263.02,0.03458095016805281
2025-06-10,110300.24,110274.39,0.023441526178476998
2025-06-11,108669.37,108645.12,0.022320376653824858
2025-06-12,105721.05,105671.73,0.04667284239598139
2025-06-13,106118.7,106066.59,0.04912951382711614
2025-06-14,105465.42,105414.64,0.04817167710291363
2025-06-15,105599.25,105594.01,0.004962402696900363
2025-06-16,106853.38,106794.53,0.05510581862198918
2025-06-17,104590.44,104551.17,0.037560555276429784
2025-06-18,104915.6,104886.78,0.027477247370933672
2025-06-19,104671.9,104658.59,0.012717541866365362
2025-06-20,103317.8,103297.99,0.019177527074822724
2025-06-21,102160.03,102120.01,0.03918918535163096
2025-06-22,100996.87,100963.87,0.032684959481050005
2025-06-23,105419.39,105333.93,0.08113245181301638
2025-06-24,106141.0,106083.0,0.05467417022520102
2025-06-25,107400.22,107340.58,0.055561466129584375
2025-06-26,107029.64,106947.06,0.07721577386045184
2025-06-27,107113.38,107047.59,0.06145864657019196
2025-06-28,107352.2,107296.79,0.05164180587322649
2025-06-29,108386.44,108356.93,0.027234068001012315
2025-06-30,107173.21,107146.5,0.024928485764823306
2025-07-01,105711.78,105681.14,0.028992874225239638
2025-07-02,108888.32,108849.6,0.0355720186385629
2025-07-03,109628.83,109584.78,0.04019718796716379
2025-07-04,108028.6,107984.24,0.04108006872113985
2025-07-05,108246.65,108198.12,0.044852905022747934
2025-07-06,109217.98,109203.84,0.01294826262519653
2025-07-07,108269.84,108262.94,0.006373372088356532
2025-07-08,108958.04,108922.98,0.03218788174910168
2025-07-09,111282.85,111233.99,0.043925422436074245
2025-07-10,116031.3,116010.0,0.018360486164988286
2025-07-11,117582.16,117527.66,0.04637206254255381
2025-07-12,117472.65,117420.0,0.0448390393459327
2025-07-13,119130.81,119086.64,0.03709064257753704
2025-07-14,119863.71,119841.18,0.018799881643366153
2025-07-15,117781.64,117758.09,0.019998625996738663
2025-07-16,118681.68,118630.43,0.04320139444828785
2025-07-17,119273.69,119177.56,0.08066115802337677
2025-07-18,118023.05,117924.84,0.08328185986939343
2025-07-19,117914.17,117840.0,0.06294127630685527
2025-07-20,117312.7,117265.12,0.04057472503332769
2025-07-21,117428.79,117380.36,0.04125903174942811
2025-07-22,120026.42,119954.42,0.06002279865969091
2025-07-23,118810.44,118755.99,0.04585031879233804
2025-07-24,118397.04,118340.99,0.047363132588284375
2025-07-25,117633.27,117614.31,0.01612048737947483
2025-07-26,117969.63,117919.99,0.0420963400692278
2025-07-27,119465.52,119415.55,0.04184547154872306
2025-07-28,118070.59,118062.32,0.007004775105206743
2025-07-29,117933.39,117950.76,-0.014726484170170116
2025-07-30,117830.15,117840.3,-0.008613352138452407
2025-07-31,115761.13,115764.08,-0.002548286135040411
2025-08-01,113248.73,113297.93,-0.04342533001264638
2025-08-02,112542.74,112546.35,-0.0032075673711324994
2025-08-03,114215.73,114208.8,0.006067833652041712
2025-08-04,115051.85,115055.03,-0.0027638948075481926
2025-08-05,114112.95,114129.75,-0.014720088320532473
2025-08-06,115028.83,114992.27,0.0317934414200169
2025-08-07,117515.49,117472.01,0.03701307230548833
2025-08-08,116683.79,116674.74,0.007756606099990759
2025-08-09,116492.51,116462.25,0.02598266820364089
2025-08-10,119309.37,119294.01,0.012875751263622191
2025-08-11,118701.84,118686.0,0.013346140235576655
2025-08-12,120113.18,120134.08,-0.017397228163738992
2025-08-13,123365.63,123306.43,0.04801047277097524
2025-08-14,118389.79,118295.09,0.0800540411271483
2025-08-15,117436.96,117342.05,0.08088319575122771
2025-08-16,117455.68,117380.66,0.06391172106204678
2025-08-17,117488.6,117405.01,0.07119798379984897
2025-08-18,116286.76,116227.05,0.05137358299981962
2025-08-19,112856.19,112872.94,-0.014839694970291374
2025-08-20,114276.0,114271.24,0.004165527564061404
2025-08-21,112480.3,112500.0,-0.017511111111108525
2025-08-22,116908.68,116935.99,-0.023354657535299632
2025-08-23,115383.87,115438.05,-0.04693426474200454
2025-08-24,113478.0,113493.59,-0.0137364585964692
2025-08-25,110127.74,110111.98,0.01431270239624182
2025-08-26,111788.01,111763.22,0.02218082120396459
2025-08-27,111253.21,111262.01,-0.00790925851509276
2025-08-28,112574.85,112566.9,0.007062466853055065
2025-08-29,108378.32,108377.4,0.0008488854687534539
2025-08-30,108827.93,108816.33,0.010660164701374571
2025-08-31,108247.95,108246.35,0.001478109885452275
2025-09-01,109240.55,109237.42,0.0028653184961752636
2025-09-02,111247.94,111240.01,0.00712873003158447
2025-09-03,111756.41,111705.71,0.04538711584215085
2025-09-04,110720.79,110730.87,-0.009103152535514032
2025-09-05,110670.02,110659.99,0.00906379984310394
2025-09-06,110212.6,110187.97,0.022352712369603196
2025-09-07,111129.61,111137.34,-0.006955358118158961
2025-09-08,112072.57,112065.23,0.0065497567800566325
2025-09-09,111549.32,111546.39,0.0026267098379495445
2025-09-10,113983.97,113960.0,0.021033696033697057
2025-09-11,115540.0,115482.69,0.049626485146819554
2025-09-12,116106.03,116029.42,0.06602635779787625
2025-09-13,115968.35,115918.29,0.043185592196030693
2025-09-14,115314.13,115268.01,0.04001110108520994
2025-09-15,115381.08,115349.71,0.027195560352943533
2025-09-16,116832.56,116788.96,0.03733229579233454
2025-09-17,116484.4,116447.59,0.031610787307833225
2025-09-18,117117.99,117073.53,0.03797613346074591
2025-09-19,115690.55,115632.38,0.05030597830815058
2025-09-20,115752.4,115685.63,0.05771676222880017
2025-09-21,115282.27,115232.29,0.04337325935292137
2025-09-22,112736.59,112650.99,0.07598690433168076
2025-09-23,112017.21,111998.8,0.016437676117961524
2025-09-24,113348.17,113307.0,0.036334913112162755
2025-09-25,109035.72,108994.49,0.03782760027593681
2025-09-26,109697.29,109643.46,0.04909549552703571
2025-09-27,109681.16,109635.85,0.04132772263816778
2025-09-28,112197.67,112163.95,0.03006313525870047
2025-09-29,114365.07,114311.96,0.04646058032772824
2025-09-30,114067.71,114048.93,0.016466616565375396
2025-10-01,118659.97,118594.99,0.0547915219690106
2025-10-02,120621.32,120529.35,0.07630506594451987
2025-10-03,122318.4,122232.0,0.07068525427056269
2025-10-04,122458.56,122391.0,0.05520013726499307
2025-10-05,123520.79,123482.31,0.031162358397729947
2025-10-06,124720.09,124658.54,0.0493748763622636
2025-10-07,121393.95,121332.95,0.05027488411021079
2025-10-08,123343.25,123306.0,0.030209397758422137
2025-10-09,121714.51,121662.4,0.04283163902734171
2025-10-10,112980.28,112774.5,0.1824703279553435
2025-10-11,110768.89,110644.4,0.1125136021344101
2025-10-12,115067.98,114958.8,0.09497315560008718
2025-10-13,115274.03,115166.0,0.09380372679436538
2025-10-14,113068.0,113028.14,0.03526555422393095
2025-10-15,110804.12,110763.28,0.03687142525934273
2025-10-16,108198.0,108194.28,0.0034382593978176702
2025-10-17,106463.3,106431.68,0.029709199366213045
2025-10-18,107208.91,107185.01,0.022297894080533027
2025-10-19,108676.78,108642.78,0.0312952227474297
2025-10-20,110568.06,110532.09,0.032542585596636385
2025-10-21,108362.27,108297.67,0.059650406144477364
2025-10-22,107585.98,107567.44,0.0172356988322801
2025-10-23,110116.03,110078.18,0.03438465279858899
2025-10-24,111042.13,111004.89,0.03354807162099367
2025-10-25,111666.21,111646.27,0.017859978662970403
2025-10-26,114548.09,114559.4,-0.009872607573012492
2025-10-27,114087.06,114107.65,-0.018044364247266954
2025-10-28,112906.75,112898.45,0.007351739550014115
2025-10-29,110032.13,110021.29,0.00985263852115446
2025-10-30,108308.18,108322.88,-0.013570540221984164
2025-10-31,109555.27,109608.01,-0.048116921381923354
2025-11-01,110052.25,110098.1,-0.04164467870018267
2025-11-02,110536.01,110540.68,-0.004224689046600992
2025-11-03,106557.98,106583.04,-0.02351218355190251
2025-11-04,101468.15,101497.22,-0.028641178546572
2025-11-05,103869.0,103885.16,-0.015555638553190362
2025-11-06,101290.5,101346.04,-0.05480233860148221
2025-11-07,103284.27,103339.08,-0.05303898583188245
2025-11-08,102285.57,102312.94,-0.026751259420358112
2025-11-09,104694.95,104722.96,-0.02674676116871535
2025-11-10,105979.38,106011.13,-0.029949685471704714
2025-11-11,103009.35,103058.99,-0.048166588863329064
2025-11-12,101639.01,101654.37,-0.015110024291135327
2025-11-13,99614.54,99692.02,-0.07771936008520088
2025-11-14,94503.96,94594.0,-0.09518574116750914
2025-11-15,95544.94,95596.24,-0.0536631984688968
2025-11-16,94183.97,94261.44,-0.08218631075443061
2025-11-17,92100.6,92215.14,-0.12420953869396457
2025-11-18,92914.46,92960.83,-0.04988122416720606
2025-11-19,91461.6,91554.96,-0.10197153709640698
2025-11-20,86536.88,86637.23,-0.11582780289719705
2025-11-21,85068.88,85129.43,-0.07112698863364686
2025-11-22,84684.0,84739.74,-0.0657778747020055
2025-11-23,86808.28,86830.0,-0.02501439594610292
2025-11-24,88266.2,88300.01,-0.0382899163884553
2025-11-25,87325.01,87369.96,-0.05144788895406572
2025-11-26,90468.84,90484.02,-0.016776442956455258
2025-11-27,91316.7,91333.95,-0.01888673379395066
2025-11-28,90902.7,90890.7,0.013202670900323135
2025-11-29,90828.06,90802.44,0.02821510082768188
2025-11-30,90369.51,90360.0,0.010524568393088492
2025-12-01,86282.36,86286.01,-0.004230117953065832
2025-12-02,91308.05,91277.88,0.033052914901176775
2025-12-03,93453.84,93429.95,0.025569959097697707
2025-12-04,92093.54,92078.06,0.016811822490608433
2025-12-05,89345.29,89330.04,0.01707152487561855
2025-12-06,89267.97,89236.79,0.034940745851579344
2025-12-07,90402.29,90395.31,0.007721639540807953
2025-12-08,90653.86,90634.34,0.02153709068770631
2025-12-09,92690.0,92678.8,0.012084748615645746
2025-12-10,92035.99,92015.37,0.022409299663751714
2025-12-11,92542.0,92513.38,0.030936065680440324
2025-12-12,90278.0,90268.42,0.010612792380770314
2025-12-13,90255.32,90240.01,0.016965866914257017
2025-12-14,88171.61,88172.17,-0.0006351210364876715
2025-12-15,86417.5,86432.08,-0.01686873670054191
2025-12-16,87854.01,87863.42,-0.010709803920679951
2025-12-17,86209.77,86243.22,-0.03878565758560162
2025-12-18,85460.02,85516.41,-0.06594056041407657
2025-12-19,88092.65,88136.94,-0.050251347505379865
2025-12-20,88324.0,88360.9,-0.04176055246154598
2025-12-21,88639.95,88658.86,-0.021328945578595857
2025-12-22,88556.77,88620.79,-0.07224038512857935
2025-12-23,87429.32,87486.0,-0.06478750885855224
2025-12-24,87609.03,87669.45,-0.06891796401140678
2025-12-25,87171.68,87225.27,-0.06143861750156928
2025-12-26,87296.01,87369.56,-0.08418263752272864
2025-12-27,87808.0,87877.01,-0.07853020943702427
2025-12-28,87877.29,87952.71,-0.08575062667200681
2025-12-29,87110.78,87237.13,-0.14483511779904476
2025-12-30,88397.5,88485.49,-0.09944003248442794
2025-12-31,87497.94,87648.22,-0.1714581311520061
2026-01-01,88738.34,88839.04,-0.11335106727852653
2026-01-02,89957.99,89995.13,-0.04126889977268705
2026-01-03,90598.02,90628.01,-0.03309131470501304
2026-01-04,91494.0,91529.73,-0.03903649666616074
2026-01-05,93870.06,93859.71,0.011027095651575386
2026-01-06,93722.01,93747.97,-0.02769126627489257
2026-01-07,91279.73,91364.16,-0.09241041563782512
2026-01-08,91026.0,91099.99,-0.08121845018863913
2026-01-09,90515.45,90641.28,-0.13882195838364347
2026-01-10,90385.54,90504.7,-0.13166167060937553
2026-01-11,90872.01,91013.65,-0.15562500789716643
2026-01-12,91188.09,91296.2,-0.11841675776209808
2026-01-13,95384.23,95414.0,-0.03120087198943978
2026-01-14,96955.16,96951.78,0.003486269153598476
2026-01-15,95587.65,95604.8,-0.01793842986963911
2026-01-16,95504.0,95550.94,-0.04912562869606759
2026-01-17,95109.99,95147.77,-0.03970665839041612
2026-01-18,93633.53,93673.14,-0.0422853338747912
2026-01-19,92559.66,92631.0,-0.07701525407260691
2026-01-20,88310.6,88427.66,-0.1323793935065088
2026-01-21,89363.71,89454.73,-0.10174979008934411
2026-01-22,89463.5,89559.67,-0.10738092268539874
2026-01-23,89474.93,89600.26,-0.13987682625028292
2026-01-24,89082.17,89225.34,-0.16045890102520008
2026-01-25,86561.94,86670.36,-0.1250946690425634
2026-01-26,88250.01,88347.08,-0.10987346723854029
2026-01-27,89116.96,89250.0,-0.14906442577030096
2026-01-28,89162.4,89299.99,-0.15407616507013164
2026-01-29,84513.2,84650.16,-0.16179532324570492
2026-01-30,84110.99,84260.49,-0.17742597983942412
2026-01-31,78648.0,78741.09,-0.11822289988619222
2026-02-01,76895.53,76968.21,-0.09442859590993159
2026-02-02,78666.85,78738.61,-0.09113699111527973
2026-02-03,75661.49,75770.21,-0.14348647047434757
2026-02-04,72998.0,73165.83,-0.22938303303605212
2026-02-05,62791.0,62909.86,-0.18893699652169085
2026-02-06,70527.7,70580.26,-0.0744684136896034
2026-02-07,69244.74,69289.38,-0.06442545740775775
2026-02-08,70279.33,70330.38,-0.072585986312036
2026-02-09,70101.99,70138.0,-0.05134164076534085
2026-02-10,68803.65,68841.29,-0.05467648848532534
2026-02-11,67024.93,67082.52,-0.08584948806337486
2026-02-12,66208.0,66272.17,-0.09682797469887927
2026-02-13,68812.0,68853.96,-0.06094057625735164
2026-02-14,69786.96,69822.95,-0.05154465687856312
2026-02-15,68792.0,68832.58,-0.05895464037524344
2026-02-16,68858.13,68892.43,-0.04978776332898747
2026-02-17,67466.7,67503.52,-0.05454530371157976
2026-02-18,66419.79,66461.0,-0.06200628940281729
2026-02-19,66972.5,67003.73,-0.04660934547971572
2026-02-20,67984.42,68020.01,-0.052322838529421725
2026-02-21,67955.78,67975.93,-0.029642845636674894
2026-02-22,67617.98,67643.4,-0.03757942386100973
2026-02-23,64625.78,64656.02,-0.046770586868783395
2026-02-24,64068.33,64058.15,0.015891810800031363
2026-02-25,67992.68,67988.04,0.006824729761292454
2026-02-26,67490.51,67485.18,0.007898030352740774
2026-02-27,65859.94,65872.1,-0.018460015697091017
2026-02-28,66967.85,66973.26,-0.00807785077206775
2026-03-01,65769.0,65776.47,-0.011356644708968366
2026-03-02,68832.01,68830.06,0.002833064506985886
2026-03-03,68335.99,68338.0,-0.0029412625479158907
2026-03-04,72683.26,72666.77,0.022692628281112105
2026-03-05,70887.6,70890.72,-0.004401140233863252
2026-03-06,68108.24,68114.02,-0.008485771358082867
2026-03-07,67259.62,67262.91,-0.004891254333195143
2026-03-08,65970.56,65971.2,-0.0009701202949156873
2026-03-09,68432.17,68432.16,1.4613012353784112e-05
2026-03-10,69960.83,69948.63,0.017441370903185795
2026-03-11,70208.0,70191.86,0.022994119261121472
2026-03-12,70531.56,70541.34,-0.013864210688369169
2026-03-13,70944.33,70930.0,0.020203017059074787
2026-03-14,71232.02,71211.95,0.028183472015591463
2026-03-15,72830.01,72815.24,0.02028421522745722
2026-03-16,74886.47,74884.67,0.0024036962438412435
2026-03-17,73934.11,73909.36,0.033486962950294796
2026-03-18,71245.02,71246.54,-0.0021334369360105384
2026-03-19,69918.3,69930.0,-0.016731016731012568
2026-03-20,70497.01,70510.73,-0.019458031423020532
2026-03-21,68912.02,68918.12,-0.008851082995286681
2026-03-22,67844.94,67859.0,-0.020719432941831845
2026-03-23,70874.23,70906.45,-0.04544015389291266
2026-03-24,70533.49,70556.74,-0.03295220272365191
2026-03-25,71301.53,71336.53,-0.04906322188645845
2026-03-26,68769.02,68820.31,-0.07452741785091291
2026-03-27,66353.34,66407.28,-0.08122603425407926
2026-03-28,66320.15,66377.03,-0.08569229445789403
2026-03-29,65956.94,66010.93,-0.08178948546852877
2026-03-30,66737.18,66797.37,-0.09010833809774596
2026-03-31,68221.85,68284.48,-0.09171923107562671
2026-04-01,68112.35,68113.92,-0.0023049620400535354
2026-04-02,66894.48,66901.99,-0.01122537610616562
2026-04-03,66959.99,66964.3,-0.00643626529359326
2026-04-04,67291.73,67300.42,-0.01291225225637868
2026-04-05,69005.0,69034.18,-0.042268916643890056
2026-04-06,68853.61,68853.66,-7.261778096169526e-05
2026-04-07,71910.2,71924.22,-0.01949273832931949
2026-04-08,71085.99,71069.93,0.022597461401766154
2026-04-09,71798.01,71787.97,0.013985630182875483
2026-04-10,72997.88,72962.7,0.048216417429738166
2026-04-11,73086.0,73043.16,0.05865025554753724
2026-04-12,70755.35,70740.98,0.02031354386101224
2026-04-13,74446.0,74417.99,0.0376387483725303
2026-04-14,74179.04,74131.55,0.06406179285336767
2026-04-15,74836.31,74809.99,0.03518246694056827
2026-04-16,75163.09,75154.29,0.01170924507437022
2026-04-17,77098.01,77072.0,0.033747664521479606
2026-04-18,75736.82,75691.76,0.05953091855706913
2026-04-19,73823.14,73801.79,0.028928837633891837
2026-04-20,75864.86,75840.97,0.0315001245369085
2026-04-21,76348.58,76336.15,0.01628324195025236
2026-04-22,78208.52,78178.23,0.038744801462003105
2026-04-23,78281.32,78257.48,0.03046354163207282
2026-04-24,77461.8,77437.13,0.03185810217914617
2026-04-25,77650.72,77625.0,0.03313365539452646
2026-04-26,78673.83,78657.55,0.020697313862431305
2026-04-27,77364.42,77371.32,-0.008918033193706312
2026-04-28,76317.99,76342.77,-0.032458869386058214
2026-04-29,75752.88,75780.0,-0.035787806809178334
2026-04-30,76305.78,76346.57,-0.05342741658205227
2026-05-01,78234.05,78231.13,0.0037325294930525147
2026-05-02,78682.31,78686.85,-0.005769706119902053
2026-05-03,78558.89,78568.57,-0.012320448240317427
2026-05-04,79852.37,79861.01,-0.010818796306231813
2026-05-05,80907.72,80905.52,0.002719221135958448
2026-05-06,81438.1,81447.01,-0.01093962810910915
2026-05-07,80005.38,80006.0,-0.0007749418793532277
2026-05-08,80188.82,80193.17,-0.0054244021030609825
2026-05-09,80655.96,80678.4,-0.0278141361256393
2026-05-10,82199.99,82210.07,-0.012261271642271738
2026-05-11,81727.06,81745.65,-0.022741271248068257
2026-05-12,80484.72,80504.47,-0.02453279923462635
2026-05-13,79288.26,79313.61,-0.03196172762783817
2026-05-14,81079.39,81089.99,-0.01307189703686709
2026-05-15,79058.51,79113.21,-0.06914142404285155
2026-05-16,78105.45,78148.05,-0.05451191680407357
2026-05-17,77407.59,77457.67,-0.06465466880168452
2026-05-18,76943.98,77001.87,-0.07517999238200244
2026-05-19,76767.48,76834.36,-0.08704439003592228
2026-05-20,77475.99,77552.23,-0.09830794033903434
2026-05-21,77547.62,77615.52,-0.08748250349931139
2026-05-22,75443.91,75539.5,-0.12654306687229397
2026-05-23,76650.0,76752.01,-0.13290857138463835
2026-05-24,76975.99,77064.96,-0.11544805836530786
2026-05-25,77249.07,77322.01,-0.09433277795027287
2026-05-26,75826.1,75930.01,-0.13684971199133117
2026-05-27,74315.98,74449.3,-0.1790748872051275
2026-05-28,73512.56,73617.51,-0.14256119230329456
2026-05-29,73366.77,73460.78,-0.1279730490201639
2026-05-30,73770.69,73884.38,-0.15387555529328706
2026-05-31,73575.17,73674.39,-0.13467366339918277
2026-06-01,71314.42,71408.9,-0.13230843774374892
2026-06-02,66658.35,66760.83,-0.15350318442714975
2026-06-03,64040.0,64142.75,-0.1601895771540821
2026-06-04,63806.02,63885.99,-0.12517611451274555
2026-06-05,61032.0,61056.47,-0.04007765270412974
2026-06-06,60850.48,60884.62,-0.05607327433430547
2026-06-07,63302.73,63332.01,-0.04623254496422715
2026-06-08,63062.98,63085.99,-0.036474025373929714
2026-06-09,61685.8,61730.0,-0.07160213834439833
2026-06-10,61449.46,61510.99,-0.10003090504639714
2026-06-11,63563.42,63625.99,-0.09834031659075122
2026-06-12,63538.43,63580.01,-0.06539791358950989
2026-06-13,64429.99,64458.01,-0.04347015987617997
2026-06-14,65706.62,65746.45,-0.06058121769312525
2026-06-15,66276.8,66328.74,-0.07830692999746765
2026-06-16,65616.64,65675.01,-0.08887703252728145
2026-06-17,64446.04,64509.4,-0.09821824416286709
2026-06-18,62879.01,62958.01,-0.12548045911870467
2026-06-19,63475.2,63543.91,-0.10812995297268677
2026-06-20,64222.99,64298.01,-0.1166754616511523
2026-06-21,63235.63,63311.99,-0.1206090663079783
2026-06-22,63950.61,64020.01,-0.10840360693477157
2026-06-23,62644.86,62734.57,-0.14299930644300124
2026-06-24,60983.13,61077.99,-0.1553096295408552
2026-06-25,59703.65,59794.0,-0.1511021172692888
2026-06-26,60002.53,60097.27,-0.1576444321014881
2026-06-27,59934.84,60029.0,-0.1568575188658873
2026-06-28,59474.01,59577.01,-0.1728854804898735
2026-06-29,60162.73,60260.21,-0.16176511830940504
2026-06-30,58523.93,58624.71,-0.17190703374054872
2026-07-01,59961.45,60024.0,-0.10420831667333552
2026-07-02,61484.02,61560.0,-0.12342430149448214
2026-07-03,62520.22,62583.26,-0.10072981177394862
2026-07-04,63086.45,63144.01,-0.09115670670900525
2026-07-05,63580.44,63650.0,-0.10928515318145746
2026-07-06,64001.84,64042.02,-0.06274005723117461
2026-07-07,63323.27,63363.99,-0.06426362986295713
2026-07-08,62237.7,62290.0,-0.0839621126986722
2026-07-09,63175.25,63230.0,-0.08658864463071327
2026-07-10,64128.49,64161.72,-0.05179100560272262
2026-07-11,63773.04,63819.0,-0.07201617073285248
2026-07-12,63740.32,63780.0,-0.0622138601442463
2026-07-13,62264.94,62334.52,-0.11162354342344254
2026-07-14,64988.64,65043.98,-0.08508089449631431
2026-07-15,64716.63,64756.28,-0.061229582675226955
2026-07-16,63770.6,63830.2,-0.09337272952301348
2026-07-17,63894.0,63931.67,-0.05892228374450136
2026-07-18,64796.36,64834.22,-0.05839508827282966
2026-07-19,64681.78,64722.54,-0.06297651482775866
2026-07-20,65213.05,65255.51,-0.06506730236266504
2026-07-21,66516.18,66556.16,-0.06006957132143813
2026-07-22,66086.61,66114.49,-0.042169273331768356
2026-07-23,65051.23,65098.97,-0.07333449361794504
2026-07-24,64083.32,64139.99,-0.0883536152718425
2026-07-25,64295.61,64375.0,-0.12332427184465929
2026-07-26,65341.07,65399.99,-0.09009175689476139
2026-07-27,63694.43,63755.86,-0.09635192749341047
2026-07-28,63847.12,63915.0,-0.10620355159195397
2026-07-29,63896.14,63984.28,-0.13775258547880734
2026-07-30,64721.9,64780.02,-0.08971902138961264
2026-07-31,62825.9,62887.88,-0.09855635139870501
2026-08-01,62764.2,62823.64,-0.0946140656606372
2026-08-02,63499.49,63570.0,-0.11091709926066075
2026-08-03,63466.51,63520.0,-0.08420969773299428
2026-08-04,64050.51,64106.56,-0.08743254980456858
2026-08-05,64603.03,64665.23,-0.09618770396394533
2026-08-06,64267.3,64323.61,-0.08754172845709013
2026-08-07,64891.61,64923.19,-0.04864209537455221
2026-08-08,64908.72,64962.6,-0.08294003010962828
2026-08-09,64848.69,64901.59,-0.08150801852465275
2026-08-10,63911.88,63970.01,-0.09087070644510553
2026-08-11,63531.75,63600.0,-0.10731132075471699
2026-08-12,63411.72,63479.99,-0.10754570062156091
2026-08-13,63425.35,63490.86,-0.10318020578080378
2026-08-14,62975.19,63043.56,-0.10844882490772308
2026-08-15,63018.75,63086.01,-0.10661634806195865
2026-08-16,62836.66,62900.0,-0.10069952305245868
2026-08-17,64484.18,64532.1,-0.07425761752677854
2026-08-18,64681.33,64725.42,-0.06811852283074642
2026-08-19,69300.01,69334.79,-0.050162407645568466
2026-08-20,73011.87,73025.15,-0.01818551553813835
2026-08-21,78325.54,78338.03,-0.015943724906032533
2026-08-22,77054.44,77074.93,-0.026584519765364287
2026-08-23,77729.36,77734.0,-0.005969074021662873
2026-08-24,78981.59,78992.75,-0.014127878824326907
2026-08-25,78526.8,78539.14,-0.01571191128397447
2026-08-26,79026.18,79023.75,0.00307502491338745
2026-08-27,80275.34,80249.58,0.03209985647276255
2026-08-28,77839.19,77845.87,-0.008581058956619042
2026-08-29,78233.93,78230.0,0.005023648216787697
2026-08-30,77665.14,77682.0,-0.021703869622307075
2026-08-31,78562.74,78581.29,-0.02360612812539519
2026-09-01,77398.69,77439.0,-0.05205387466263468
2026-09-02,77307.36,77340.01,-0.04221618280110667
2026-09-03,81263.99,81270.37,-0.007850339551782654
2026-09-04,79675.12,79660.77,0.018013885630268536
2026-09-05,79831.57,79831.75,-0.0002254742004190251
2026-09-06,80339.13,80341.83,-0.0033606404036316943
2026-09-07,79091.97,79112.01,-0.02533117285225543
2026-09-08,78447.11,78455.8,-0.011076300286278807
2026-09-09,78283.98,78306.43,-0.028669420889187634
2026-09-10,76536.55,76568.72,-0.042014545887665684
2026-09-11,77208.55,77225.7,-0.02220763295119912
2026-09-12,77262.85,77278.73,-0.020548991941236747
2026-09-13,76799.85,76842.01,-0.05486582144323
2026-09-14,78175.01,78189.21,-0.01816107363153003
2026-09-15,75584.17,75644.48,-0.07972822339448651
2026-09-16,76144.99,76206.01,-0.08007242473394097
2026-09-17,76348.74,76417.01,-0.08933874800910102
2026-09-18,80875.04,80883.87,-0.0109168861480067
2026-09-19,81233.91,81249.99,-0.01979077166655866
2026-09-20,81159.64,81178.0,-0.022616965187613126
2026-09-21,86594.94,86620.0,-0.028930962826134464
2026-09-22,86198.05,86208.56,-0.012191364755419603
2026-09-23,84378.31,84397.6,-0.0228561001734743
2026-09-24,84385.46,84410.24,-0.02935662782145725
2026-09-25,84093.13,84099.99,-0.008156956974668584
